autoware_adapi_specs	autoware/core/api/autoware_adapi_specs
autoware_adapi_v1_msgs	autoware/autoware_adapi_msgs/autoware_adapi_v1_msgs
autoware_agnocast_wrapper	autoware/core/common/autoware_agnocast_wrapper
autoware_automatic_pose_initializer	autoware/universe/system/autoware_default_adapi_helpers/autoware_automatic_pose_initializer
autoware_cmake	autoware/autoware_cmake/autoware_cmake
autoware_common_msgs	autoware/autoware_msgs/autoware_common_msgs
autoware_component_interface_specs	autoware/core/common/autoware_component_interface_specs
autoware_component_interface_specs_universe	autoware/universe/common/autoware_component_interface_specs_universe
autoware_component_interface_utils	autoware/universe/common/autoware_component_interface_utils
autoware_control_msgs	autoware/autoware_msgs/autoware_control_msgs
autoware_crop_box_filter	autoware/core/sensing/autoware_crop_box_filter
autoware_downsample_filters	autoware/core/sensing/autoware_downsample_filters
autoware_ekf_localizer	autoware/core/localization/autoware_ekf_localizer
autoware_geography_utils	autoware/core/common/autoware_geography_utils
autoware_gnss_poser	autoware/core/sensing/autoware_gnss_poser
autoware_gyro_odometer	autoware/core/localization/autoware_gyro_odometer
autoware_internal_debug_msgs	autoware/autoware_internal_msgs/autoware_internal_debug_msgs
autoware_internal_localization_msgs	autoware/autoware_internal_msgs/autoware_internal_localization_msgs
autoware_internal_metric_msgs	autoware/autoware_internal_msgs/autoware_internal_metric_msgs
autoware_internal_msgs	autoware/autoware_internal_msgs/autoware_internal_msgs
autoware_internal_perception_msgs	autoware/autoware_internal_msgs/autoware_internal_perception_msgs
autoware_internal_planning_msgs	autoware/autoware_internal_msgs/autoware_internal_planning_msgs
autoware_interpolation	autoware/core/common/autoware_interpolation
autoware_kalman_filter	autoware/core/common/autoware_kalman_filter
autoware_lanelet2_extension	autoware/autoware_lanelet2_extension/autoware_lanelet2_extension
autoware_lanelet2_utils	autoware/core/common/autoware_lanelet2_utils
autoware_lint_common	autoware/autoware_cmake/autoware_lint_common
autoware_localization_error_monitor	autoware/universe/localization/autoware_localization_error_monitor
autoware_localization_msgs	autoware/autoware_msgs/autoware_localization_msgs
autoware_localization_util	autoware/core/localization/autoware_localization_util
autoware_map_height_fitter	autoware/core/map/autoware_map_height_fitter
autoware_map_loader	autoware/core/map/autoware_map_loader
autoware_map_msgs	autoware/autoware_msgs/autoware_map_msgs
autoware_map_projection_loader	autoware/core/map/autoware_map_projection_loader
autoware_motion_utils	autoware/core/common/autoware_motion_utils
autoware_mpc_lateral_controller	autoware/universe/control/autoware_mpc_lateral_controller
autoware_ndt_scan_matcher	autoware/core/localization/autoware_ndt_scan_matcher
autoware_osqp_interface	autoware/core/common/autoware_osqp_interface
autoware_pcl_extensions	autoware/universe/sensing/autoware_pcl_extensions
autoware_perception_msgs	autoware/autoware_msgs/autoware_perception_msgs
autoware_pid_longitudinal_controller	autoware/universe/control/autoware_pid_longitudinal_controller
autoware_planning_msgs	autoware/autoware_msgs/autoware_planning_msgs
autoware_point_types	autoware/core/common/autoware_point_types
autoware_pointcloud_preprocessor	autoware/universe/sensing/autoware_pointcloud_preprocessor
autoware_pose_covariance_modifier	autoware/universe/localization/autoware_pose_covariance_modifier
autoware_pose_initializer	autoware/core/localization/autoware_pose_initializer
autoware_pose_instability_detector	autoware/universe/localization/autoware_pose_instability_detector
autoware_pure_pursuit	autoware/universe/control/autoware_pure_pursuit
autoware_qos_utils	autoware/core/common/autoware_qos_utils
autoware_sensing_msgs	autoware/autoware_msgs/autoware_sensing_msgs
autoware_signal_processing	autoware/core/common/autoware_signal_processing
autoware_stop_filter	autoware/core/localization/autoware_stop_filter
autoware_system_msgs	autoware/autoware_msgs/autoware_system_msgs
autoware_trajectory_follower_base	autoware/universe/control/autoware_trajectory_follower_base
autoware_trajectory_follower_node	autoware/universe/control/autoware_trajectory_follower_node
autoware_twist2accel	autoware/core/localization/autoware_twist2accel
autoware_utils	autoware/autoware_utils/autoware_utils
autoware_utils_debug	autoware/autoware_utils/autoware_utils_debug
autoware_utils_diagnostics	autoware/autoware_utils/autoware_utils_diagnostics
autoware_utils_geometry	autoware/autoware_utils/autoware_utils_geometry
autoware_utils_logging	autoware/autoware_utils/autoware_utils_logging
autoware_utils_math	autoware/autoware_utils/autoware_utils_math
autoware_utils_pcl	autoware/autoware_utils/autoware_utils_pcl
autoware_utils_rclcpp	autoware/autoware_utils/autoware_utils_rclcpp
autoware_utils_system	autoware/autoware_utils/autoware_utils_system
autoware_utils_tf	autoware/autoware_utils/autoware_utils_tf
autoware_utils_uuid	autoware/autoware_utils/autoware_utils_uuid
autoware_utils_visualization	autoware/autoware_utils/autoware_utils_visualization
autoware_vehicle_cmd_gate	autoware/universe/control/autoware_vehicle_cmd_gate
autoware_vehicle_info_utils	autoware/core/common/autoware_vehicle_info_utils
autoware_vehicle_msgs	autoware/autoware_msgs/autoware_vehicle_msgs
autoware_vehicle_velocity_converter	autoware/core/sensing/autoware_vehicle_velocity_converter
hipnuc_imu	vendor/hipnuc_products/examples/ROS2/hipnuc_ws/src/hipnuc_imu
hipnuc_lib_package	vendor/hipnuc_products/examples/ROS2/hipnuc_ws/src/hipnuc_lib_package
lslidar_driver	vendor/lslidar_ros2/lslidar_driver
lslidar_msgs	vendor/lslidar_ros2/lslidar_msgs
managed_transform_buffer	autoware/managed_transform_buffer/managed_transform_buffer
nmea_msgs	vendor/nmea_msgs
nmea_navsat_driver	vendor/nmea_navsat_driver
tier4_api_utils	autoware/universe/common/tier4_api_utils
tier4_control_msgs	autoware/tier4_autoware_msgs/tier4_control_msgs
tier4_external_api_msgs	autoware/tier4_autoware_msgs/tier4_external_api_msgs
tier4_localization_launch	autoware/launcher/tier4_universe_launch/tier4_localization_launch
tier4_planning_msgs	autoware/tier4_autoware_msgs/tier4_planning_msgs
tier4_system_msgs	autoware/tier4_autoware_msgs/tier4_system_msgs
tier4_vehicle_msgs	autoware/tier4_autoware_msgs/tier4_vehicle_msgs
