s,x,y,z,yaw,curvature,left_offset,right_offset,target_velocity,target_acceleration
0.000000000,726.489308372,-1400.896095665,650.931256670,1.988976637,0.015116378,1.500000000,1.500000000,3.626534490,0.000000000
0.498008612,726.287067951,-1400.441000741,650.880447824,1.996550236,0.015207099,1.500000000,1.500000000,3.626534490,0.000000000
0.996058646,726.081369548,-1399.987412818,650.829841473,2.003967972,0.014892488,1.500000000,1.500000000,3.626534490,0.000000000
1.494177803,725.872283226,-1399.535300437,650.780011338,2.011133297,0.014383701,1.500000000,1.500000000,3.626534490,0.000000000
1.992368207,725.659932399,-1399.084633371,650.730930160,2.018040335,0.013863438,1.500000000,1.500000000,3.626534490,-0.366577621
2.490615224,725.444449403,-1398.635392714,650.682889113,2.024742746,0.013451537,1.500000000,1.500000000,3.575815990,-1.227420388
2.988893440,725.225946592,-1398.187578352,650.634845877,2.031334198,0.013228486,1.500000000,1.500000000,3.400480306,-1.250703806
3.487167646,725.004498585,-1397.741217551,650.585756895,2.037945351,0.013268739,1.500000000,1.500000000,3.211989947,-1.187240124
3.985392265,724.780126810,-1397.296374795,650.536351856,2.044744473,0.013648098,1.500000000,1.500000000,3.022226812,-1.072487024
4.483512835,724.552783193,-1396.853160421,650.487683496,2.051930189,0.014427995,1.500000000,1.500000000,2.839964649,-0.930885138
4.981469674,724.322336432,-1396.411736243,650.439302825,2.059717261,0.015641546,1.500000000,1.500000000,2.671763082,-0.781673193
5.479201245,724.088565094,-1395.972318813,650.390716719,2.068323644,0.017296151,1.500000000,1.500000000,2.521941933,-0.644221088
5.976645547,723.851157765,-1395.535181999,650.343188381,2.077963605,0.019385707,1.500000000,1.500000000,2.391498044,-0.534619302
6.473740556,723.609717203,-1395.100659384,650.297618932,2.088843850,0.021896560,1.500000000,1.500000000,2.277663215,-0.457409999
6.970426422,723.363765915,-1394.669144827,650.254772966,2.101154671,0.024797285,1.500000000,1.500000000,2.175631301,-0.403095330
7.466651150,723.112754363,-1394.241088544,650.213550455,2.115050925,0.028017805,1.500000000,1.500000000,2.081662753,-0.357077702
7.962377254,722.856077036,-1393.816988178,650.175213612,2.130631297,0.031445596,1.500000000,1.500000000,1.994816869,-0.312095769
8.457582530,722.593100072,-1393.397379572,650.138342451,2.147939217,0.034969541,1.500000000,1.500000000,1.915774360,-0.271344053
8.952250358,722.323193556,-1392.982835566,650.101252656,2.166999272,0.038552361,1.500000000,1.500000000,1.844380940,-0.241768649
9.446355507,722.045751260,-1392.573976582,650.062515993,2.187864453,0.042253180,1.500000000,1.500000000,1.778432676,-0.226791147
9.939858992,721.760187206,-1392.171485760,650.023482690,2.210627222,0.046153990,1.500000000,1.500000000,1.714344872,-0.223837991
10.432717800,721.465921028,-1391.776116034,649.984713517,2.235381977,0.050260167,1.500000000,1.500000000,1.648738090,-0.225677382
10.924898418,721.162376988,-1391.388685038,649.945698303,2.262184083,0.054493071,1.500000000,1.500000000,1.579933297,-0.223485337
11.416376912,720.849006923,-1391.010068724,649.906269068,2.291059165,0.058793423,1.500000000,1.500000000,1.508811701,-0.210853728
11.907119838,720.525321599,-1390.641210444,649.866817706,2.322066862,0.063234653,1.500000000,1.500000000,1.438597511,-0.186998453
12.397056125,720.190906843,-1390.283154114,649.827392844,2.355377116,0.068050859,1.500000000,1.500000000,1.373436618,-0.156496992
12.886055723,719.845414654,-1389.937096670,649.786249783,2.391315391,0.073574387,1.500000000,1.500000000,1.316538724,-0.125952805
13.373927071,719.488536837,-1389.604445688,649.743165296,2.430352729,0.080122131,1.500000000,1.500000000,1.269006179,-0.100799644
13.860439683,719.119977715,-1389.286863108,649.698329186,2.473028416,0.087853670,1.500000000,1.500000000,1.229754482,-0.083813890
14.345370812,718.739446222,-1388.986273714,649.650027478,2.519811773,0.096638768,1.500000000,1.500000000,1.196247532,-0.074497817
14.828562327,718.346687666,-1388.704822553,649.599375455,2.570953234,0.106026091,1.500000000,1.500000000,1.165767872,-0.069187323
15.309961473,717.941563446,-1388.444785048,649.548316277,2.626407902,0.115388551,1.500000000,1.500000000,1.136838289,-0.063191637
15.789620615,717.524163240,-1388.208459085,649.496708062,2.685886537,0.124194545,1.500000000,1.500000000,1.109856028,-0.054261273
16.267650373,717.094916183,-1387.998079871,649.444984622,2.749014713,0.132249235,1.500000000,1.500000000,1.086233583,-0.044033736
16.744147018,716.654668599,-1387.815785830,649.393700943,2.815517564,0.139761607,1.500000000,1.500000000,1.066742491,-0.036261986
17.219136238,716.204708036,-1387.663633763,649.340876998,2.885319780,0.147165439,1.500000000,1.500000000,1.050472007,-0.033799524
17.692576839,715.746729326,-1387.543627499,649.285366492,2.958478588,0.154750696,1.500000000,1.500000000,1.035126709,-0.035854444
18.164430781,715.282764115,-1387.457706457,649.225836621,3.034985470,0.162366603,1.500000000,1.500000000,1.018651649,-0.036784150
18.634743793,714.815121148,-1387.407662629,649.159519925,3.114608463,0.169505402,1.500000000,1.500000000,1.001524365,-0.029220517
19.103657027,714.346378623,-1387.395010920,649.086910583,-3.086248586,0.175756262,1.500000000,1.500000000,0.987748591,-0.010750761
19.571325039,713.879426653,-1387.420880359,649.007457970,-3.001569630,0.181242911,1.500000000,1.500000000,0.982645259,0.000000000
20.037802908,713.417514304,-1387.485984769,648.919748324,-2.914589590,0.186656435,1.500000000,1.500000000,0.982645259,0.000000000
20.503011356,712.964240660,-1387.590683879,648.825580573,-2.825024958,0.192742998,1.500000000,1.500000000,0.982645259,0.000000000
20.966860764,712.523440155,-1387.735083283,648.727598362,-2.732624855,0.199391645,1.500000000,1.500000000,0.982645259,0.000000000
21.429501889,712.098952220,-1387.919058292,648.627163812,-2.637816622,0.204992116,1.500000000,1.500000000,0.982645259,0.000000000
21.891508314,711.694342709,-1388.142085376,648.525109143,-2.542061420,0.207126883,1.500000000,1.500000000,0.982645259,0.000000000
22.353752986,711.312713411,-1388.402909485,648.423457697,-2.447336902,0.204627425,1.500000000,1.500000000,0.982645259,0.000000000
22.816986484,710.956704527,-1388.699292595,648.322655937,-2.355019543,0.198948421,1.500000000,1.500000000,0.982645259,0.000000000
23.281476660,710.628646505,-1389.028122426,648.225462750,-2.265257148,0.192954652,1.500000000,1.500000000,0.982645259,0.000000000
23.747073025,710.330678227,-1389.385886148,648.130963271,-2.177484619,0.188261137,1.500000000,1.500000000,0.982645259,0.000000000
24.213632477,710.064669408,-1389.769183722,648.041019276,-2.091518711,0.183964670,1.500000000,1.500000000,0.982645259,0.012607733
24.681376762,709.831963395,-1390.174933186,647.956719886,-2.008135133,0.177885969,1.500000000,1.500000000,0.988628391,0.029713362
25.150855625,709.633124900,-1390.600225621,647.880024176,-1.928667762,0.168814994,1.500000000,1.500000000,1.002639360,0.033097540
25.622601945,709.467880976,-1391.042084236,647.811545730,-1.854157417,0.157495879,1.500000000,1.500000000,1.018092811,0.027245828
26.096824632,709.335295770,-1391.497395471,647.751966994,-1.784854909,0.145752405,1.500000000,1.500000000,1.030705657,0.026032071
26.573373766,709.234063585,-1391.963068233,647.699249238,-1.720353063,0.135044052,1.500000000,1.500000000,1.042672179,0.038815167
27.051930228,709.162758753,-1392.436282676,647.653848345,-1.660050886,0.125761825,1.500000000,1.500000000,1.060337574,0.062892537
27.532218638,709.119947718,-1392.914659276,647.611972323,-1.603534103,0.117462541,1.500000000,1.500000000,1.088452518,0.088347665
28.014096733,709.104174918,-1393.396279165,647.570773779,-1.550670980,0.109514158,1.500000000,1.500000000,1.126887081,0.105824445
28.497517901,709.113903280,-1393.879602436,647.529066615,-1.501488991,0.101567695,1.500000000,1.500000000,1.171405159,0.112187584
28.982456455,709.147486178,-1394.363376753,647.487349332,-1.456027202,0.093596805,1.500000000,1.500000000,1.216962701,0.112361990
29.468873152,709.203189322,-1394.846593437,647.445504070,-1.414294714,0.085663072,1.500000000,1.500000000,1.261074031,0.115160511
29.956725956,709.279227785,-1395.328483996,647.405193080,-1.376309990,0.077744483,1.500000000,1.500000000,1.304864157,0.126290961
30.445982766,709.373782819,-1395.808516882,647.365394186,-1.342116272,0.069788169,1.500000000,1.500000000,1.351387396,0.145612616
30.936607012,709.485003479,-1396.286368444,647.327064433,-1.311723384,0.061863194,1.500000000,1.500000000,1.403256945,0.170448861
31.428528820,709.611026242,-1396.761873784,647.290254362,-1.285024715,0.054207572,1.500000000,1.500000000,1.461788315,0.200671677
31.921630883,709.750030656,-1397.234977808,647.254163867,-1.261762987,0.047124190,1.500000000,1.500000000,1.527981778,0.240627543
32.415758665,709.900313647,-1397.705697775,647.218138173,-1.241559791,0.040850557,1.500000000,1.500000000,1.603910790,0.296258422
32.910741107,710.060351699,-1398.174094444,647.182882378,-1.223967885,0.035515503,1.500000000,1.500000000,1.692871896,0.370335297
33.406406593,710.228836731,-1398.640245780,647.147841246,-1.208510390,0.031168680,1.500000000,1.500000000,1.798037849,0.460091514
33.902591980,710.404691140,-1399.104223329,647.114050215,-1.194707621,0.027807099,1.500000000,1.500000000,1.920812713,0.558427317
34.399150184,710.587069699,-1399.566076239,647.082405277,-1.182107885,0.025367549,1.500000000,1.500000000,2.060122523,0.655975024
34.895959685,710.775348088,-1400.025827181,647.053625623,-1.170328340,0.023706294,1.500000000,1.500000000,2.212666730,0.739925652
35.392935000,710.969093588,-1400.483481138,647.027807357,-1.159098991,0.022592450,1.500000000,1.500000000,2.373045222,0.789936987
35.890034274,711.168015526,-1400.939044253,647.005298556,-1.148294544,0.021732155,1.500000000,1.500000000,2.533120177,0.780040890
36.387258271,711.371899006,-1401.392545333,646.985862387,-1.137933089,0.020835286,1.500000000,1.500000000,2.681866501,0.695326814
36.884636295,711.580534999,-1401.844049399,646.968354795,-1.128126658,0.019712471,1.500000000,1.500000000,2.807861906,0.555193427
37.382201183,711.793668577,-1402.293654665,646.952399983,-1.118992895,0.018353219,1.500000000,1.500000000,2.904578798,0.417806494
37.879963753,712.010986101,-1402.741472340,646.937406363,-1.110566148,0.016926235,1.500000000,1.500000000,2.975317607,0.351890028
38.377900624,712.232146926,-1403.187599022,646.923202447,-1.102757556,0.015679866,1.500000000,1.500000000,3.033636910,0.397687824
38.875963662,712.456841514,-1403.632097764,646.909224780,-1.095392843,0.014785488,1.500000000,1.500000000,3.098241455,0.548799573
39.374106579,712.684840145,-1404.075000677,646.895241089,-1.088310310,0.014216943,1.500000000,1.500000000,3.185256874,0.754115136
39.872312631,712.915999199,-1404.516333615,646.881166999,-1.081460018,0.013748683,1.500000000,1.500000000,3.301101453,0.800000000
40.370606257,713.150217229,-1404.956150000,646.867775489,-1.074942440,0.013077905,1.500000000,1.500000000,3.419728148,0.799999997
40.869042012,713.387364424,-1405.394555531,646.854941397,-1.068964719,0.011990533,1.500000000,1.500000000,3.534407703,0.800000000
41.367678244,713.627224468,-1405.831711397,646.842977544,-1.063743901,0.010467699,1.500000000,1.500000000,3.645525447,0.779624000
41.866551103,713.869478450,-1406.267815899,646.831812764,-1.059413683,0.008677920,1.500000000,1.500000000,3.750696241,0.479978540
42.365662601,714.113735369,-1406.703075414,646.821065181,-1.055982580,0.006872951,1.500000000,1.500000000,3.814033024,0.747130295
42.864987206,714.359589196,-1407.137679783,646.810341767,-1.053358717,0.005253881,1.500000000,1.500000000,3.910622583,0.800000000
43.364490822,714.606671066,-1407.571793146,646.799256456,-1.051419681,0.003881322,1.500000000,1.500000000,4.011505300,0.799999992
43.864149687,714.854671289,-1408.005561368,646.786997143,-1.050082770,0.002675248,1.500000000,1.500000000,4.109942694,0.800000000
44.363958037,715.103325568,-1408.439127321,646.773492395,-1.049333673,0.001498534,1.500000000,1.500000000,4.206105361,0.800000000
44.863921475,715.352381817,-1408.872641364,646.758909196,-1.049200763,0.000265798,1.500000000,1.500000000,4.300146953,0.799999997
45.364042565,715.601574235,-1409.306258987,646.743581867,-1.049698813,-0.000995713,1.500000000,1.500000000,4.392204180,0.799999996
45.864308821,715.850622927,-1409.740126566,646.727872085,-1.050781338,-0.002163651,1.500000000,1.500000000,4.482397078,0.800000000
46.364689429,716.099258621,-1410.174362728,646.711912895,-1.052326728,-0.003088210,1.500000000,1.500000000,4.570830618,0.800000000
46.865141066,716.347258153,-1410.609044305,646.695845081,-1.054160919,-0.003664970,1.500000000,1.500000000,4.657597574,0.800000000
47.365620044,716.594473484,-1411.044203801,646.679782770,-1.056106459,-0.003887367,1.500000000,1.500000000,4.742782045,0.799999997
47.866095958,716.840840220,-1411.479840774,646.663533559,-1.058038779,-0.003861011,1.500000000,1.500000000,4.826462782,0.800000000
48.366559784,717.086358776,-1411.915942459,646.646740110,-1.059920345,-0.003759657,1.500000000,1.500000000,4.908715220,0.799999994
48.867020451,717.331054799,-1412.352502576,646.629552844,-1.061787645,-0.003731123,1.500000000,1.500000000,4.989611425,0.800000000
49.367491094,717.574940069,-1412.789527563,646.612283077,-1.063695310,-0.003811697,1.500000000,1.500000000,5.069218402,-0.081267215
49.867974033,717.817997169,-1413.227027756,646.595217407,-1.065654368,-0.003914345,1.500000000,1.500000000,5.061188546,-1.500000000
50.368454069,718.060195311,-1413.665000731,646.578627869,-1.067603943,-0.003895535,1.500000000,1.500000000,4.910620061,-1.499999999
50.868902082,718.301523690,-1414.103417002,646.562646183,-1.069425425,-0.003639943,1.500000000,1.500000000,4.755296557,-1.499999995
51.369283515,718.542021100,-1414.542213736,646.547384478,-1.070977545,-0.003102182,1.500000000,1.500000000,4.594747115,-1.499999999
51.869565818,718.781789647,-1414.981296219,646.532760883,-1.072127962,-0.002299821,1.500000000,1.500000000,4.428414405,-1.500000000
52.369723332,719.020993226,-1415.420544652,646.518648262,-1.072774088,-0.001292026,1.500000000,1.500000000,4.255629401,-1.500000000
52.869740530,719.259845918,-1415.859824279,646.504991968,-1.072856198,-0.000164238,1.500000000,1.500000000,4.075577260,-1.499999999
53.369612746,719.498593294,-1416.298996138,646.492095170,-1.072359464,0.000993863,1.500000000,1.500000000,3.887250102,-1.499999995
53.869341600,719.737490258,-1416.737923431,646.480069396,-1.071294648,0.002131099,1.500000000,1.500000000,3.689380273,-1.500000000
54.368924218,719.976784418,-1417.176467726,646.469113978,-1.069655028,0.003282529,1.500000000,1.500000000,3.480341785,-1.500000000
54.868339717,720.216717013,-1417.614472509,646.459070529,-1.067364406,0.004587594,1.500000000,1.500000000,3.257995157,-1.500000000
55.367539736,720.457548326,-1418.051737803,646.449810615,-1.064243099,0.006254431,1.500000000,1.500000000,3.019425837,-1.327840615
55.866450053,720.699602749,-1418.487995938,646.441110241,-1.060018092,0.008471641,1.500000000,1.500000000,2.791412836,-0.997679950
56.364986024,720.943315199,-1418.922900935,646.432928004,-1.054385846,0.011302618,1.500000000,1.500000000,2.607149197,-0.753180234
56.863075470,721.189252786,-1419.356038096,646.425237229,-1.047100449,0.014633865,1.500000000,1.500000000,2.459049549,-0.541249993
57.360673991,721.438093889,-1419.786946894,646.418182124,-1.038028564,0.018240647,1.500000000,1.500000000,2.346971302,-0.354027637
57.857761013,721.690574055,-1420.215139927,646.411711157,-1.027129570,0.021937203,1.500000000,1.500000000,2.270750802,-0.201205889
58.354322963,721.947434398,-1420.640106437,646.405634044,-1.014390947,0.025667399,1.500000000,1.500000000,2.226316875,-0.089156513
58.850345985,722.209402614,-1421.061308873,646.399787467,-0.999803840,0.029423764,1.500000000,1.500000000,2.206363402,-0.014558140
59.345832911,722.477197124,-1421.478194222,646.394043176,-0.983423670,0.033074664,1.500000000,1.500000000,2.203091629,0.000000000
59.840831486,722.751513424,-1421.890230818,646.388365921,-0.965457522,0.036309012,1.500000000,1.500000000,2.203091629,0.000000000
60.335444310,723.032968258,-1422.296955569,646.382822404,-0.946277326,0.038787433,1.500000000,1.500000000,2.203091629,0.000000000
60.829806522,723.322025369,-1422.698004173,646.377715081,-0.926331353,0.040351161,1.500000000,1.500000000,2.203091629,0.000000000
61.324047432,723.618950882,-1423.093110888,646.373250803,-0.906025971,0.041084301,1.500000000,1.500000000,2.203091629,0.000000000
61.818263583,723.923822153,-1423.482087895,646.369421721,-0.885660036,0.041206419,1.500000000,1.500000000,2.203091629,-0.110768621
62.312513948,724.236573184,-1423.864802170,646.365783661,-0.865421620,0.040944474,1.500000000,1.500000000,2.178099599,-0.203240276
62.806825340,724.557044733,-1424.241155380,646.362136741,-0.845396938,0.040507347,1.500000000,1.500000000,2.131475990,-0.192876597
63.301191250,724.885024050,-1424.611057017,646.358419265,-0.825552524,0.040140266,1.500000000,1.500000000,2.086261409,-0.145938823
63.795562616,725.220282489,-1424.974381701,646.354342757,-0.805707164,0.040145492,1.500000000,1.500000000,2.051387510,-0.091023192
64.289846918,725.562624448,-1425.330919153,646.349685981,-0.785547733,0.040792599,1.500000000,1.500000000,2.029336849,-0.047649695
64.783932564,725.911943499,-1425.680342715,646.345102531,-0.764723933,0.042157469,1.500000000,1.500000000,2.017702155,-0.016778585
65.277734676,726.268258025,-1426.022220594,646.341201903,-0.742992039,0.044021933,1.500000000,1.500000000,2.013591663,0.000000000
65.771234347,726.631694753,-1426.356070367,646.337330936,-0.720320674,0.045950744,1.500000000,1.500000000,2.013591663,0.000000000
66.264481716,727.002416636,-1426.681429019,646.333110362,-0.696881879,0.047526363,1.500000000,1.500000000,2.013591663,0.000000000
66.757560967,727.380533086,-1426.997901921,646.328179065,-0.672937229,0.048564812,1.500000000,1.500000000,2.013591663,0.000000000
67.250548631,727.766046634,-1427.305174018,646.321765309,-0.648718753,0.049126506,1.500000000,1.500000000,2.013591663,0.000000000
67.743500577,728.158859601,-1427.602998788,646.312986606,-0.624401715,0.049327282,1.500000000,1.500000000,2.013591663,0.000000000
68.236471138,728.558813040,-1427.891195285,646.302281158,-0.600165428,0.049157957,1.500000000,1.500000000,2.013591663,0.000000000
68.729533984,728.965709305,-1428.169666825,646.289780227,-0.576246839,0.048500284,1.500000000,1.500000000,2.013591663,0.000000000
69.222775409,729.379298936,-1428.438424561,646.275623319,-0.552908747,0.047302872,1.500000000,1.500000000,2.013591663,0.000000000
69.716263183,729.799257305,-1428.697586966,646.260061084,-0.530344382,0.045710807,1.500000000,1.500000000,2.013591663,0.000000000
70.210020580,730.225188691,-1428.947344490,646.243126651,-0.508608898,0.044008517,1.500000000,1.500000000,2.013591663,0.014135362
70.704029091,730.656666972,-1429.187908207,646.225022547,-0.487639245,0.042437827,1.500000000,1.500000000,2.017056609,0.055814324
71.198255361,731.093286935,-1429.419473778,646.205775075,-0.467339695,0.041064532,1.500000000,1.500000000,2.030686380,0.105563434
71.692677945,731.534692560,-1429.642217502,646.185582061,-0.447657767,0.039799496,1.500000000,1.500000000,2.056227873,0.148862971
72.187293562,731.980570447,-1429.856314487,646.164434350,-0.428593816,0.038534878,1.500000000,1.500000000,2.091729659,0.171017682
72.682101736,732.430623740,-1430.061952913,646.142524022,-0.410146979,0.037273761,1.500000000,1.500000000,2.131800849,0.169907472
73.177082375,732.884551787,-1430.259323533,646.119803782,-0.392244980,0.036162218,1.500000000,1.500000000,2.170893060,0.159166113
73.672182583,733.342050725,-1430.448582448,646.097693924,-0.374707185,0.035420928,1.500000000,1.500000000,2.206894431,-0.054250728
74.167320125,733.802833066,-1430.629802812,646.076207315,-0.357261366,0.035235879,1.500000000,1.500000000,2.194689018,-0.220949308
74.662400394,734.266653007,-1430.802937252,646.055218106,-0.339601983,0.035674445,1.500000000,1.500000000,2.144267847,-0.212787276
75.157337126,734.733322578,-1430.967806534,646.034454764,-0.321457661,0.036667072,1.500000000,1.500000000,2.094576836,-0.189996633
75.652066197,735.202709587,-1431.124116129,646.014699064,-0.302632883,0.038059695,1.500000000,1.500000000,2.049209215,-0.148157786
76.146546289,735.674718085,-1431.271488241,645.994565851,-0.283005306,0.039703861,1.500000000,1.500000000,2.013140893,-0.094331003
76.640748966,736.149261659,-1431.409490712,645.973053820,-0.262490678,0.041522550,1.500000000,1.500000000,1.989848986,-0.047221441
77.134648863,736.626243843,-1431.537651175,645.949276070,-0.241013502,0.043498264,1.500000000,1.500000000,1.978093440,-0.030248249
77.628225718,737.105554632,-1431.655461533,645.923986293,-0.218519863,0.045586621,1.500000000,1.500000000,1.970531397,-0.056116533
78.121480712,737.587079720,-1431.762391779,645.896213108,-0.195033525,0.047627457,1.500000000,1.500000000,1.956434120,-0.108769539
78.614455094,738.070707886,-1431.857929930,645.865809846,-0.170709863,0.049349375,1.500000000,1.500000000,1.928832101,-0.147774826
79.107230280,738.556320301,-1431.941643533,645.834616868,-0.145821208,0.050511441,1.500000000,1.500000000,1.890701917,-0.143076837
79.599895682,739.043757002,-1432.013230265,645.803435334,-0.120640346,0.051113591,1.500000000,1.500000000,1.853044987,-0.099582330
80.092494554,739.532775555,-1432.072513516,645.772885180,-0.095270367,0.051506647,1.500000000,1.500000000,1.826380967,-0.047540857
80.584984001,740.023031665,-1432.119362222,645.742306351,-0.069542200,0.052251593,1.500000000,1.500000000,1.813516114,-0.021457207
81.077247583,740.514105405,-1432.153567728,645.711491530,-0.043087732,0.053757758,1.500000000,1.500000000,1.807682354,-0.041771154
81.569165540,741.005566797,-1432.174756800,645.679503020,-0.015575830,0.055947910,1.500000000,1.500000000,1.796279358,-0.098475286
82.060699320,741.497040953,-1432.182412537,645.646414408,0.013045533,0.058244922,1.500000000,1.500000000,1.769127376,-0.154314615
82.551925405,741.988225239,-1432.176004413,645.611121794,0.042494503,0.059958016,1.500000000,1.500000000,1.725747648,-0.178214883
83.042983546,742.478840075,-1432.155143421,645.573463418,0.072355469,0.060811702,1.500000000,1.500000000,1.674269156,-0.170622248
83.533968508,742.968540367,-1432.119648963,645.534158673,0.102403827,0.061204839,1.500000000,1.500000000,1.623462747,-0.152093818
84.024841466,743.456841793,-1432.069469503,645.493022880,0.132822515,0.061984377,1.500000000,1.500000000,1.576804936,-0.139112318
84.515425997,743.943105281,-1432.004500254,645.450985856,0.164156323,0.063901608,1.500000000,1.500000000,1.532912621,-0.133397020
85.005490517,744.426581657,-1431.924413884,645.407617203,0.197044315,0.067154546,1.500000000,1.500000000,1.489655937,-0.127811933
85.494853673,744.906475391,-1431.828610427,645.363831613,0.231933052,0.071347612,1.500000000,1.500000000,1.447059746,-0.117834955
85.983434016,745.381973451,-1431.716305719,645.318440698,0.268979858,0.075883148,1.500000000,1.500000000,1.406711848,-0.105050388
86.471215046,745.852215094,-1431.586678830,645.272008509,0.308186492,0.080440369,1.500000000,1.500000000,1.369801099,-0.091775704
86.958171547,746.316228751,-1431.438969793,645.224389444,0.349597605,0.085112862,1.500000000,1.500000000,1.336777281,-0.076808074
87.444232600,746.772888270,-1431.272484268,645.175733924,0.393364284,0.090127651,1.500000000,1.500000000,1.308551364,-0.057773069
87.929309382,747.220917200,-1431.086555349,645.125339719,0.439649259,0.095511809,1.500000000,1.500000000,1.286956846,-0.035929715
88.413345076,747.658921585,-1430.880539058,645.075212144,0.488522347,0.101069404,1.500000000,1.500000000,1.273371664,-0.017430134
88.896332483,748.085412659,-1430.653862639,645.025875423,0.539955144,0.106589635,1.500000000,1.500000000,1.266743196,-0.009780336
89.378300590,748.498812003,-1430.406084031,644.975541153,0.593850737,0.111921078,1.500000000,1.500000000,1.263016510,-0.015395105
89.859315899,748.897473703,-1430.136928729,644.923972613,0.649993796,0.116801507,1.500000000,1.500000000,1.257139667,-0.026677104
90.339515675,749.279754767,-1429.846320724,644.872064385,0.707952398,0.120754139,1.500000000,1.500000000,1.246907961,-0.029516340
90.819125484,749.644111932,-1429.534440257,644.818389600,0.767097613,0.123344456,1.500000000,1.500000000,1.235502655,-0.014354726
91.298401009,749.989155849,-1429.201799724,644.763084072,0.826832049,0.124638678,1.500000000,1.500000000,1.229921572,0.000000000
91.777504627,750.313609658,-1428.849280217,644.706552986,0.886896680,0.125375287,1.500000000,1.500000000,1.229921572,0.000000000
92.256414404,750.616194670,-1428.478070189,644.649184735,0.947489742,0.126550229,1.500000000,1.500000000,1.229921572,0.000000000
92.734970973,750.895539212,-1428.089504858,644.588282953,1.009029254,0.128635607,1.500000000,1.500000000,1.229921572,0.000000000
93.213067136,751.150212685,-1427.684884835,644.523323577,1.071659939,0.131021519,1.500000000,1.500000000,1.229921572,0.000000000
93.690851336,751.378912439,-1427.265392089,644.454036340,1.134848967,0.132213304,1.500000000,1.500000000,1.229921572,0.000000000
94.168773017,751.580724114,-1426.832170227,644.380556771,1.197421190,0.130806823,1.500000000,1.500000000,1.229921572,0.000000000
94.647407183,751.755310759,-1426.386513221,644.303284843,1.258070625,0.126543715,1.500000000,1.500000000,1.229921572,0.000000000
95.127179212,751.902914197,-1425.930010838,644.225578030,1.315976819,0.120521770,1.500000000,1.500000000,1.229921572,0.000000000
95.608197986,752.024164959,-1425.464524733,644.149102848,1.371064357,0.114378767,1.500000000,1.500000000,1.229921572,0.000000000
96.090305047,752.119818199,-1424.992002061,644.071971730,1.423773178,0.109220842,1.500000000,1.500000000,1.229921572,0.016839029
96.573265061,752.190568968,-1424.514252437,643.995207337,1.474597238,0.105145579,1.500000000,1.500000000,1.236516166,0.053248034
97.056938000,752.237026132,-1424.032815790,643.919239134,1.523741263,0.101519547,1.500000000,1.500000000,1.257172023,0.081513225
97.541336341,752.259811117,-1423.548953623,643.843290559,1.571050533,0.097571787,1.500000000,1.500000000,1.288196894,0.091835340
98.026580145,752.259687765,-1423.063709834,643.766451843,1.616144478,0.092827880,1.500000000,1.500000000,1.322337437,0.084913839
98.512814419,752.237645496,-1422.577975434,643.691376810,1.658613888,0.087239217,1.500000000,1.500000000,1.353200774,0.072818475
99.000138130,752.194904901,-1422.092529618,643.619534658,1.698189183,0.081112412,1.500000000,1.500000000,1.379175360,0.069549177
99.488564285,752.132851061,-1421.608061425,643.548856073,1.734836663,0.074948898,1.500000000,1.500000000,1.403589665,0.081426760
99.978015857,752.052920866,-1421.125180482,643.480122655,1.768759420,0.069241572,1.500000000,1.500000000,1.431702783,0.106816104
100.468355159,751.956484553,-1420.644417891,643.414917454,1.800306655,0.064286492,1.500000000,1.500000000,1.467830074,0.140529523
100.959432824,751.844764031,-1420.166217308,643.351446533,1.829837952,0.060095475,1.500000000,1.500000000,1.514115896,0.176090284
101.451132118,751.718813157,-1419.690923112,643.290428651,1.857614518,0.056457296,1.500000000,1.500000000,1.570259177,0.205961717
101.943386189,751.579553577,-1419.218778176,643.232054418,1.883771773,0.053108012,1.500000000,1.500000000,1.633549776,0.223177516
102.436162752,751.427832158,-1418.749939875,643.176325180,1.908374809,0.049901114,1.500000000,1.500000000,1.699540576,0.225672760
102.929432925,751.264459489,-1418.284510145,643.121910318,1.931502146,0.046863362,1.500000000,1.500000000,1.763823532,0.219724185
103.423152210,751.090208811,-1417.822562708,643.066885661,1.953282637,0.044096433,1.500000000,1.500000000,1.824290982,0.217015728
103.917270641,750.905789845,-1417.364149501,643.009182385,1.973848220,0.041604291,1.500000000,1.500000000,1.882153163,0.225898053
104.411762783,750.711836426,-1416.909281883,642.950828734,1.993239252,0.039197760,1.500000000,1.500000000,1.940595309,0.244516688
104.906650064,750.508937668,-1416.457900099,642.893043006,2.011344068,0.036566298,1.500000000,1.500000000,2.001980657,0.262241057
105.401995295,750.297705139,-1416.009851311,642.834302041,2.027925155,0.033455430,1.500000000,1.500000000,2.065847590,0.270014106
105.897873105,750.078837785,-1415.564888522,642.776100826,2.042713919,0.029805568,1.500000000,1.500000000,2.129674687,0.273618183
106.394335380,749.853148459,-1415.122690468,642.719407515,2.055517953,0.025775065,1.500000000,1.500000000,2.192531980,0.296886413
106.891387296,749.621541119,-1414.682896599,642.663526761,2.066299603,0.021679312,1.500000000,1.500000000,2.258834302,0.368961820
107.388979306,749.384948828,-1414.245150216,642.606379035,2.075209474,0.017897926,1.500000000,1.500000000,2.338699919,0.510590628
107.887015719,749.144250937,-1413.809140130,642.550053342,2.082564650,0.014763480,1.500000000,1.500000000,2.445015902,0.734458076
108.385378326,748.900192913,-1413.374627796,642.496241101,2.088769092,0.012446927,1.500000000,1.500000000,2.590396812,0.800000000
108.883957833,748.653336305,-1412.941449612,642.444055351,2.094200495,0.010892184,1.500000000,1.500000000,2.740051616,0.799999998
109.382679907,748.404059324,-1412.509495107,642.393703029,2.099114235,0.009851554,1.500000000,1.500000000,2.881985110,0.800000000
109.881512946,748.152606915,-1412.078674859,642.344393798,2.103614483,0.009020578,1.500000000,1.500000000,3.017278747,0.800000000
110.380452846,747.899163978,-1411.648898519,642.295902155,2.107710879,0.008209370,1.500000000,1.500000000,3.146788026,0.799999999
110.879493080,747.643911319,-1411.220077769,642.248157428,2.111429138,0.007450321,1.500000000,1.500000000,3.271198443,0.799999997
111.378599565,747.387031864,-1410.792152275,642.200258570,2.114902276,0.006958689,1.500000000,1.500000000,3.391063200,0.800000000
111.877708794,747.128666297,-1410.365119190,642.153436761,2.118373863,0.006956028,1.500000000,1.500000000,3.506833956,0.799999999
112.376751106,746.868854645,-1409.939042747,642.109062539,2.122107535,0.007482509,1.500000000,1.500000000,3.618888240,0.799999999
112.875681369,746.607512670,-1409.514034771,642.065968397,2.126270694,0.008345143,1.500000000,1.500000000,3.727551544,0.800000000
113.374494720,746.344465242,-1409.090217818,642.023564953,2.130877065,0.009235473,1.500000000,1.500000000,3.833111253,0.799999996
113.873219097,746.079515622,-1408.667692432,641.982081418,2.135817826,0.009907269,1.500000000,1.500000000,3.935822770,0.800000000
114.371895017,745.812507592,-1408.246522174,641.939824094,2.140939153,0.010269951,1.500000000,1.500000000,4.035911589,0.799999997
114.870559922,745.543352068,-1407.826734143,641.896525520,2.146099930,0.010348960,1.500000000,1.500000000,4.133575474,0.799999996
115.369245804,745.272022293,-1407.408323146,641.851958472,2.151178781,0.010183911,1.500000000,1.500000000,4.228988485,0.800000000
115.867985315,744.998541571,-1406.991250737,641.805509892,2.156050771,0.009767709,1.500000000,1.500000000,4.322305731,0.644795485
116.366815451,744.722982069,-1406.575440125,641.757694994,2.160574685,0.009067887,1.500000000,1.500000000,4.396090726,0.000000000
116.865772419,744.445473760,-1406.160774965,641.710044545,2.164613309,0.008092904,1.500000000,1.500000000,4.396090726,0.000000000
117.364880289,744.166208608,-1405.747108867,641.662393852,2.168076058,0.006936807,1.500000000,1.500000000,4.396090726,0.313670111
117.864141676,743.885426374,-1405.334285334,641.615196247,2.170953400,0.005762420,1.500000000,1.500000000,4.431570875,0.799999996
118.363537240,743.603381691,-1404.922160686,641.568216369,2.173318537,0.004735519,1.500000000,1.500000000,4.520824407,0.799999999
118.863033871,743.320305788,-1404.510620993,641.521712705,2.175296926,0.003960508,1.500000000,1.500000000,4.608367165,0.800000000
119.362595357,743.036379395,-1404.099588779,641.474638725,2.177026497,0.003462067,1.500000000,1.500000000,4.694288690,0.800000000
119.862189172,742.751724096,-1403.689021682,641.425550053,2.178632095,0.003213790,1.500000000,1.500000000,4.778670988,0.799999999
120.361787953,742.466407124,-1403.278908079,641.374780617,2.180219635,0.003177687,1.500000000,1.500000000,4.861589705,0.800000000
120.861368712,742.180449755,-1402.869262723,641.323512587,2.181878560,0.003320753,1.500000000,1.500000000,4.943114775,0.799999998
121.360913201,741.893834019,-1402.460122019,641.270985224,2.183679845,0.003606029,1.500000000,1.500000000,5.023311145,0.800000000
121.860409786,741.606509325,-1402.051537439,641.216402134,2.185668402,0.003981328,1.500000000,1.500000000,5.102239645,0.800000000
122.359854476,741.318402641,-1401.643567418,641.161014957,2.187859133,0.004386552,1.500000000,1.500000000,5.179957616,0.799999993
122.859249361,741.029431717,-1401.236270161,641.105282588,2.190243318,0.004774357,1.500000000,1.500000000,5.256519068,0.799999997
123.358600087,740.739516181,-1400.829698975,641.049914048,2.192798579,0.005117344,1.500000000,1.500000000,5.331974669,0.800000000
123.857915988,740.448582988,-1400.423898227,640.995591571,2.195488106,0.005386521,1.500000000,1.500000000,5.406372103,0.799999998
124.357213712,740.156570068,-1400.018896164,640.943610121,2.198246262,0.005524023,1.500000000,1.500000000,5.479756899,0.800000000
124.856519637,739.863436386,-1399.614694418,640.894699502,2.200969414,0.005453661,1.500000000,1.500000000,5.552173012,0.800000000
125.355864582,739.569180096,-1399.211260893,640.849025671,2.203537367,0.005142330,1.500000000,1.500000000,5.623662247,0.800000000
125.855269984,739.273853027,-1398.808535580,640.804985186,2.205867730,0.004666000,1.500000000,1.500000000,5.694262526,0.799999991
126.354733848,738.977553582,-1398.406452515,640.760997214,2.207970189,0.004209303,1.500000000,1.500000000,5.764006236,0.800000000
126.854228196,738.680391294,-1398.004968793,640.716232214,2.209955224,0.003974126,1.500000000,1.500000000,5.832920268,0.799999998
127.353712882,738.382438398,-1397.604083495,640.670367631,2.211979354,0.004052596,1.500000000,1.500000000,5.901028245,0.800000000
127.853158465,738.083698057,-1397.203833449,640.623779013,2.214156055,0.004358410,1.500000000,1.500000000,5.968353817,0.799999996
128.352563433,737.784111564,-1396.804267115,640.576733405,2.216489723,0.004672962,1.500000000,1.500000000,6.034922968,0.799999998
128.851954140,737.483602014,-1396.405412393,640.529997250,2.218877307,0.004780885,1.500000000,1.500000000,6.100763916,0.800000000
129.351367427,737.182127392,-1396.007258298,640.484182207,2.221176579,0.004603727,1.500000000,1.500000000,6.165904769,0.800000000
129.850828115,736.879709402,-1395.609760703,640.439616068,2.223292930,0.004237065,1.500000000,1.500000000,6.230370673,0.800000000
130.350337394,736.576421343,-1395.212865412,640.396062175,2.225223113,0.003864030,1.500000000,1.500000000,6.294182518,0.799999992
130.849879579,736.272347738,-1394.816530152,640.352994757,2.227028082,0.003613180,1.500000000,1.500000000,6.357358025,0.800000000
131.349439989,735.967548137,-1394.420729941,640.310310468,2.228763613,0.003474055,1.500000000,1.500000000,6.419914152,0.800000000
131.849018293,735.662051129,-1394.025445158,640.267127330,2.230429165,0.003333815,1.500000000,1.500000000,6.481868790,0.799999991
132.348627009,735.355877540,-1393.630645712,640.223754980,2.231974670,0.003093297,1.500000000,1.500000000,6.543240554,0.799999998
132.848278324,735.049067996,-1393.236286308,640.178981527,2.233352392,0.002757253,1.500000000,1.500000000,6.604047172,0.800000000
133.347971550,734.741689643,-1392.842316932,640.133013795,2.234565645,0.002427931,1.500000000,1.500000000,6.664304031,0.800000000
133.847691223,734.433817239,-1392.448699943,640.086013749,2.235675672,0.002221287,1.500000000,1.500000000,6.724024070,0.800000000
134.347416068,734.125504909,-1392.055420873,640.038899398,2.236766125,0.002182129,1.500000000,1.500000000,6.783218959,-1.159890010
134.847131309,733.816769842,-1391.662485787,639.991155305,2.237894756,0.002258572,1.500000000,1.500000000,6.697225546,-1.499999989
135.346835996,733.507598024,-1391.269907692,639.943460122,2.239064844,0.002341557,1.500000000,1.500000000,6.584353876,-1.500000000
135.846541519,733.197966548,-1390.877690967,639.896375643,2.240231251,0.002334150,1.500000000,1.500000000,6.469513072,-1.500000000
136.346263094,732.887867838,-1390.485823078,639.850485415,2.241334073,0.002206816,1.500000000,1.500000000,6.352592751,-1.499999994
136.846009839,732.577321516,-1390.094277691,639.805415071,2.242337629,0.002008083,1.500000000,1.500000000,6.233473705,-1.500000000
137.345779925,732.266367889,-1389.703025877,639.760728708,2.243249385,0.001824325,1.500000000,1.500000000,6.112027828,-1.500000000
137.845564158,731.955048854,-1389.312046674,639.716463402,2.244105654,0.001713265,1.500000000,1.500000000,5.988115853,-1.499999995
138.345355309,731.643390835,-1388.921328779,639.671264858,2.244934665,0.001658700,1.500000000,1.500000000,5.861583235,-1.500000000
138.845155688,731.331403254,-1388.530862176,639.624640226,2.245726726,0.001584724,1.500000000,1.500000000,5.732255828,-1.499999994
139.344976186,731.019093926,-1388.140627101,639.577582234,2.246438275,0.001423566,1.500000000,1.500000000,5.599937088,-1.500000000
139.844826207,730.706488541,-1387.750591311,639.530292930,2.247031945,0.001187668,1.500000000,1.500000000,5.464407134,-1.499999999
140.344700670,730.393636363,-1387.360722111,639.482511640,2.247528063,0.000992487,1.500000000,1.500000000,5.325422231,-1.500000000
140.844572707,730.080592320,-1386.971010062,639.434746671,2.248033317,0.001010815,1.500000000,1.500000000,5.182712207,-1.499999999
141.344397716,729.767380884,-1386.581492879,639.387907069,2.248724298,0.001382578,1.500000000,1.500000000,5.035973669,-1.499999995
141.844127639,729.453960011,-1386.192266272,639.340587259,2.249790432,0.002133698,1.500000000,1.500000000,4.884858343,-1.500000000
142.343727498,729.140206028,-1385.803475251,639.291165330,2.251368230,0.003158574,1.500000000,1.500000000,4.728957755,-1.500000000
142.843184303,728.825929018,-1385.415290938,639.241996963,2.253506409,0.004281598,1.500000000,1.500000000,4.567786229,-1.499999995
143.342503816,728.510909337,-1385.027886012,639.195429370,2.256179488,0.005354108,1.500000000,1.500000000,4.400762718,-1.500000000
143.841699153,728.194933818,-1384.641420676,639.150050673,2.259333283,0.006318482,1.500000000,1.500000000,4.227188958,-1.473146403
144.340779396,727.877814171,-1384.256042655,639.106441634,2.262929613,0.007206747,1.500000000,1.500000000,4.049529597,-0.950346327
144.839743861,727.559384520,-1383.871896728,639.065243928,2.266968305,0.008095161,1.500000000,1.500000000,3.930688472,-0.421527609
145.338582910,727.239486450,-1383.489136200,639.024116187,2.271483602,0.009052855,1.500000000,1.500000000,3.876823829,0.000000000
145.837283850,726.917952414,-1383.107929575,638.981514495,2.276520852,0.010102197,1.500000000,1.500000000,3.876823829,0.000000000
146.335840275,726.594595962,-1382.728457422,638.938318116,2.282100194,0.011192489,1.500000000,1.500000000,3.876823829,0.000000000
146.834262220,726.269215141,-1382.350897153,638.894402970,2.288178383,0.012196096,1.500000000,1.500000000,3.876823829,0.000000000
147.332582070,725.941612581,-1381.975398505,638.849783347,2.294628674,0.012944723,1.500000000,1.500000000,3.876823829,0.000000000
147.830850572,725.611628783,-1381.602059258,638.804685351,2.301259125,0.013306930,1.500000000,1.500000000,3.876823829,-0.463772717
148.329121298,725.279175365,-1381.230914486,638.758978121,2.307872704,0.013272540,1.500000000,1.500000000,3.816751795,-0.972683131
148.827429428,724.944249500,-1380.861948828,638.713205149,2.314345076,0.012988167,1.500000000,1.500000000,3.687574059,-1.031757335
149.325776348,724.606916327,-1380.495130094,638.667036659,2.320677886,0.012707531,1.500000000,1.500000000,3.545399309,-1.089195513
149.824129688,724.267262565,-1380.130450271,638.620745530,2.326994746,0.012676008,1.500000000,1.500000000,3.388841663,-1.182375775
150.322438624,723.925342431,-1379.767955556,638.574274892,2.333483082,0.013021913,1.500000000,1.500000000,3.210275843,-1.250022675
150.820653605,723.581142435,-1379.407754877,638.527800248,2.340322235,0.013729103,1.500000000,1.500000000,3.010035040,-1.214740506
151.318736833,723.234578712,-1379.050011270,638.481441003,2.347646773,0.014707826,1.500000000,1.500000000,2.801825690,-1.069406072
151.816656834,722.885518431,-1378.694932057,638.435893277,2.355567606,0.015911081,1.500000000,1.500000000,2.604855054,-0.870124121
152.314371572,722.533801658,-1378.342774036,638.391585589,2.364233031,0.017415159,1.500000000,1.500000000,2.432924712,-0.676643688
152.811812543,722.179241662,-1377.993868994,638.348820367,2.373883015,0.019406414,1.500000000,1.500000000,2.290402163,-0.519910613
153.308882706,721.821598095,-1377.648659164,638.307849716,2.384850247,0.022074298,1.500000000,1.500000000,2.174644330,-0.404348163
153.805472874,721.460539110,-1377.307721920,638.268176698,2.397494628,0.025476970,1.500000000,1.500000000,2.080261358,-0.320572139
154.301488673,721.095620725,-1376.971766201,638.229084369,2.412105813,0.029475615,1.500000000,1.500000000,2.002366007,-0.256281585
154.796872420,720.726303961,-1376.641599298,638.190724311,2.428833475,0.033788791,1.500000000,1.500000000,1.937925221,-0.203720766
155.291607983,720.352006593,-1376.318079967,638.153478847,2.447683307,0.038124706,1.500000000,1.500000000,1.885199816,-0.163128378
155.785709041,719.972165572,-1376.002078931,638.116716978,2.468567125,0.042291542,1.500000000,1.500000000,1.841948571,-0.140388212
156.279202069,719.586283994,-1375.694457774,638.079599278,2.491361626,0.046216196,1.500000000,1.500000000,1.803943827,-0.138693539
156.772116829,719.193951467,-1375.396061814,638.042077188,2.515936232,0.049881909,1.500000000,1.500000000,1.765640152,-0.149664770
157.264488613,718.794845300,-1375.107714382,638.004101932,2.542144750,0.053254458,1.500000000,1.500000000,1.723398888,-0.154705271
157.756363759,718.388729950,-1374.830204956,637.965534811,2.569813333,0.056274963,1.500000000,1.500000000,1.678663865,-0.139012992
158.247792683,717.975467974,-1374.564278412,637.928055557,2.598771159,0.058948804,1.500000000,1.500000000,1.637462171,-0.102926144
158.738803187,717.555037953,-1374.310644991,637.893363350,2.628935577,0.061458786,1.500000000,1.500000000,1.606302190,-0.058976614
159.229369985,717.127536312,-1374.070024689,637.861866016,2.660392041,0.064154275,1.500000000,1.500000000,1.588188524,-0.021857517
159.719413357,716.693142330,-1373.843211163,637.833558960,2.693371384,0.067337716,1.500000000,1.500000000,1.581429899,-0.000739546
160.208846294,716.252055890,-1373.631108942,637.807783890,2.728088017,0.070974528,1.500000000,1.500000000,1.581201002,0.000000000
160.697648519,715.804450790,-1373.434697919,637.783306314,2.764530336,0.074591174,1.500000000,1.500000000,1.581201002,0.000000000
161.185913693,715.350486111,-1373.254923198,637.758927625,2.802365989,0.077513169,1.500000000,1.500000000,1.581201002,0.000000000
161.673828354,714.890376594,-1373.092565728,637.734709959,2.841049882,0.079291364,1.500000000,1.500000000,1.581201002,0.000000000
162.161593232,714.424475314,-1372.948168450,637.711051850,2.880058595,0.079970554,1.500000000,1.500000000,1.581201002,0.000000000
162.649343414,713.953311338,-1372.822054423,637.688750284,2.919079142,0.079993709,1.500000000,1.500000000,1.581201002,0.000000000
163.137121744,713.477558771,-1372.714410594,637.668267168,2.958035115,0.079857806,1.500000000,1.500000000,1.581201002,0.000000000
163.624915154,712.997960015,-1372.625374397,637.649252083,2.996965771,0.079803948,1.500000000,1.500000000,1.581201002,0.000000000
164.112717534,712.515250415,-1372.555070748,637.631049476,3.035866546,0.079737951,1.500000000,1.500000000,1.581201002,0.000000000
164.600569072,712.030122942,-1372.503588141,637.612658489,3.074607148,0.079395547,1.500000000,1.500000000,1.581201002,0.000000000
165.088545039,711.543241353,-1372.470925264,637.593663541,3.112980218,0.078617376,1.500000000,1.500000000,1.581201002,0.004358057
165.576707376,711.055278825,-1372.456959656,637.574453412,-3.132348677,0.077529033,1.500000000,1.500000000,1.582545888,0.001730497
166.065060559,710.566946507,-1372.461473917,637.555329804,-3.094989781,0.076484787,1.500000000,1.500000000,1.583079807,0.002123156
166.553548002,710.078989424,-1372.484230596,637.535957400,-3.057950018,0.075816601,1.500000000,1.500000000,1.583734809,0.011070654
167.042093169,709.592152214,-1372.525046171,637.517003398,-3.021022797,0.075580239,1.500000000,1.500000000,1.587146173,0.025517458
167.530658505,709.107133737,-1372.583809806,637.498035328,-2.984141622,0.075479731,1.500000000,1.500000000,1.594981776,0.036543162
168.019284909,708.624551557,-1372.660427052,637.477565532,-2.947473935,0.075024917,1.500000000,1.500000000,1.606137844,0.036027411
168.508083980,708.144933085,-1372.754717312,637.454753418,-2.911365907,0.073844566,1.500000000,1.500000000,1.617064966,0.023559439
168.997178593,707.668743392,-1372.866327868,637.429823507,-2.876146227,0.071980735,1.500000000,1.500000000,1.624175081,0.008427604
169.486619685,707.196444739,-1372.994727885,637.402598586,-2.841893918,0.069959700,1.500000000,1.500000000,1.626712736,0.003597664
169.976331859,706.728561251,-1373.139306778,637.373357217,-2.808323686,0.068541570,1.500000000,1.500000000,1.627795431,0.016397579
170.466131999,706.265710893,-1373.299536995,637.341871032,-2.774886798,0.068271078,1.500000000,1.500000000,1.632721972,0.043507917
170.955819261,705.808581223,-1373.475110570,637.309228527,-2.741047092,0.069117247,1.500000000,1.500000000,1.645719169,0.071639352
171.445282433,705.357859842,-1373.665962432,637.274719834,-2.706564226,0.070460769,1.500000000,1.500000000,1.666889688,0.012994501
171.934552753,704.914161108,-1373.872158647,637.238023661,-2.671594769,0.071473309,1.500000000,1.500000000,1.670699518,-0.026882664
172.423764498,704.477994961,-1374.093715014,637.198938413,-2.636536912,0.071652822,1.500000000,1.500000000,1.662809144,-0.031587641
172.913050487,704.049797549,-1374.330459085,637.157332690,-2.601726430,0.071133843,1.500000000,1.500000000,1.653488273,-0.002561739
173.402447001,703.630004253,-1374.582019291,637.113505074,-2.567200375,0.070542502,1.500000000,1.500000000,1.652729880,0.000000000
173.891874302,703.219118950,-1374.847937230,637.066626119,-2.532690413,0.070514611,1.500000000,1.500000000,1.652729880,0.000000000
174.381201606,702.817735313,-1375.127816466,637.016610111,-2.497836726,0.071237518,1.500000000,1.500000000,1.652729880,0.000000000
174.870345305,702.426495153,-1375.421402390,636.964793558,-2.462458692,0.072334451,1.500000000,1.500000000,1.652729880,0.000000000
175.359329964,702.046007884,-1375.728543131,636.912615611,-2.426687954,0.073152262,1.500000000,1.500000000,1.652729880,0.000000000
175.848273545,701.676779343,-1376.049067873,636.858553865,-2.390882254,0.073219412,1.500000000,1.500000000,1.652729880,0.000000000
176.337316152,701.319189213,-1376.382672385,636.804569671,-2.355410348,0.072515302,1.500000000,1.500000000,1.652729880,0.000000000
176.826551124,700.973519220,-1376.728884912,636.750290392,-2.320486666,0.071364549,1.500000000,1.500000000,1.652729880,0.000000000
177.316006767,700.639998197,-1377.087117454,636.694156022,-2.286163337,0.070106639,1.500000000,1.500000000,1.652729880,0.000000000
177.805677902,700.318825593,-1377.456746969,636.636179914,-2.252434994,0.068861074,1.500000000,1.500000000,1.652729880,0.000000000
178.295565842,700.010163681,-1377.837165184,636.576136633,-2.219328866,0.067559735,1.500000000,1.500000000,1.652729880,0.027057049
178.785688122,699.714121230,-1378.227778441,636.512440397,-2.186900304,0.066144783,1.500000000,1.500000000,1.660734350,0.045346973
179.276055621,699.430757531,-1378.627985011,636.446976146,-2.155160966,0.064708102,1.500000000,1.500000000,1.674070472,0.051249255
179.766647388,699.160112986,-1379.037169335,636.379368232,-2.124028571,0.063444951,1.500000000,1.500000000,1.689022460,0.052572418
180.257414639,698.902244212,-1379.454729139,636.308534686,-2.093362812,0.062474325,1.500000000,1.500000000,1.704229595,0.056981488
180.748316492,698.657232277,-1379.880115765,636.236629876,-2.063071449,0.061694504,1.500000000,1.500000000,1.720564776,0.064482469
181.239356378,698.425151073,-1380.312849498,636.165712989,-2.033195788,0.060827887,1.500000000,1.500000000,1.738870345,0.068332221
181.730581438,698.206017111,-1380.752488403,636.094009320,-2.003883715,0.059655108,1.500000000,1.500000000,1.758067995,0.062605611
182.222039141,697.999764530,-1381.198571968,636.022591441,-1.975254659,0.058237621,1.500000000,1.500000000,1.775482778,0.049803778
182.713728699,697.806274435,-1381.650589893,635.952349728,-1.947274496,0.056894146,1.500000000,1.500000000,1.789221923,0.041134006
183.205593764,697.625441436,-1382.108007283,635.882296924,-1.919762735,0.055925814,1.500000000,1.500000000,1.800494335,0.046939581
183.697563945,697.457223698,-1382.570324761,635.811045122,-1.892529182,0.055350389,1.500000000,1.500000000,1.813274827,0.065684721
184.189605306,697.301634819,-1383.037118937,635.739144906,-1.865509829,0.054906339,1.500000000,1.500000000,1.831011960,0.082906914
184.681731971,697.158688895,-1383.508027757,635.666801107,-1.838771267,0.054325051,1.500000000,1.500000000,1.853161138,0.061345881
185.173967561,697.028355150,-1383.982694999,635.594212100,-1.812375367,0.053618225,1.500000000,1.500000000,1.869384780,-0.073389323
185.666290272,696.910573779,-1384.460721359,635.521634787,-1.786222573,0.053119903,1.500000000,1.500000000,1.849955944,-0.038679752
186.158609762,696.805333674,-1384.941661064,635.452164502,-1.760011825,0.053244889,1.500000000,1.500000000,1.839633497,-0.011474882
186.650797803,696.712758787,-1385.425064579,635.386062622,-1.733358333,0.054164355,1.500000000,1.500000000,1.836560863,0.000000000
187.142751586,696.633137561,-1385.910532380,635.322570624,-1.705984890,0.055655355,1.500000000,1.500000000,1.836560863,0.000000000
187.634443971,696.566868660,-1386.397738531,635.261575451,-1.677849827,0.057231166,1.500000000,1.500000000,1.836560863,0.000000000
188.125926927,696.514354130,-1386.886407868,635.202382853,-1.649130238,0.058439599,1.500000000,1.500000000,1.836560863,0.000000000
188.617291306,696.475902989,-1387.376265462,635.142260439,-1.620092038,0.059097264,1.500000000,1.500000000,1.836560863,0.000000000
189.108618071,696.451692495,-1387.866995369,635.081680924,-1.590957285,0.059295174,1.500000000,1.500000000,1.836560863,0.000000000
189.599958919,696.441787264,-1388.358236365,635.020975131,-1.561867897,0.059198512,1.500000000,1.500000000,1.836560863,0.000000000
190.091357687,696.446174625,-1388.849615547,634.959840569,-1.532962316,0.058813019,1.500000000,1.500000000,1.836560863,0.000000000
190.582890082,696.464766830,-1389.340796190,634.899671244,-1.504491256,0.057905753,1.500000000,1.500000000,1.836560863,0.000000000
191.074683079,696.497351312,-1389.831508533,634.840522696,-1.476860305,0.056158724,1.500000000,1.500000000,1.836560863,0.000000000
191.566889389,696.543519247,-1390.321544831,634.781567960,-1.450534941,0.053453919,1.500000000,1.500000000,1.836560863,0.005588646
192.059628777,696.602634034,-1390.810725316,634.723805777,-1.425857062,0.050052812,1.500000000,1.500000000,1.838059655,0.022444632
192.552937990,696.673883834,-1391.298862024,634.666626855,-1.402906477,0.046498276,1.500000000,1.500000000,1.844073638,0.053946617
193.046765653,696.756403543,-1391.785746258,634.609904214,-1.381507864,0.043312962,1.500000000,1.500000000,1.858463948,0.108697070
193.541011937,696.849400981,-1392.271164497,634.554465950,-1.361363767,0.040743243,1.500000000,1.500000000,1.887149833,0.182185146
194.035580212,696.952224145,-1392.754925983,634.499172810,-1.342204523,0.038728664,1.500000000,1.500000000,1.934306201,0.256897631
194.530405808,697.064354685,-1393.236879417,634.442486658,-1.323856142,0.037071768,1.500000000,1.500000000,1.998944603,0.308512662
195.025450625,697.185362506,-1393.716906997,634.383642845,-1.306208054,0.035642370,1.500000000,1.500000000,2.073941830,0.319367819
195.520679971,697.314870869,-1394.194902489,634.322486379,-1.289142918,0.034453738,1.500000000,1.500000000,2.148849773,0.293955919
196.016050218,697.452556199,-1394.670753759,634.258232584,-1.272514657,0.033563456,1.500000000,1.500000000,2.215578791,0.257677141
196.511523654,697.598165035,-1395.144348514,634.192400676,-1.256211694,0.032900063,1.500000000,1.500000000,2.272473044,0.232868003
197.007098910,697.751506681,-1395.615603407,634.125821803,-1.240255312,0.032192435,1.500000000,1.500000000,2.322701224,0.218223180
197.502825679,697.912397185,-1396.084494945,634.060088164,-1.224832924,0.031103159,1.500000000,1.500000000,2.368818085,0.195164761
197.998781768,698.080577459,-1396.551065238,633.995302686,-1.210207643,0.029480324,1.500000000,1.500000000,2.409332983,0.155142823
198.495023093,698.255663864,-1397.015392928,633.932039343,-1.196551118,0.027511982,1.500000000,1.500000000,2.441078037,0.120995729
198.991543339,698.437176813,-1397.477545937,633.870255804,-1.183820863,0.025633317,1.500000000,1.500000000,2.465565988,0.134503222
199.488274891,698.624637966,-1397.937546536,633.808801688,-1.171777174,0.024242688,1.500000000,1.500000000,2.492516726,0.218952258
199.985130869,698.817673834,-1398.395370756,633.748475181,-1.160131017,0.023437916,1.500000000,1.500000000,2.535786881,0.356160372
200.482057013,699.016056396,-1398.850980185,633.689225910,-1.148716632,0.022968174,1.500000000,1.500000000,2.604646983,0.488304793
200.979056079,699.219656296,-1399.304362091,633.629859054,-1.137564700,0.022435838,1.500000000,1.500000000,2.696212150,0.535879515
201.476169506,699.428347524,-1399.755549115,633.569045949,-1.126828713,0.021593278,1.500000000,1.500000000,2.793267936,0.450026861
201.973433700,699.641935329,-1400.204605823,633.509001336,-1.116630370,0.020505759,1.500000000,1.500000000,2.872265700,0.284745360
202.470846017,699.860156565,-1400.651594085,633.448510115,-1.106947954,0.019463398,1.500000000,1.500000000,2.921161062,0.175389312
202.968365632,700.082743436,-1401.096544478,633.387038261,-1.097630563,0.018726457,1.500000000,1.500000000,2.950881427,0.207612319
203.465946930,700.309494470,-1401.539456564,633.327415573,-1.088522574,0.018303508,1.500000000,1.500000000,2.985684044,0.349486893
203.963580089,700.540294135,-1401.980331008,633.271267048,-1.079605366,0.017917439,1.500000000,1.500000000,3.043376701,0.493456034
204.461309967,700.775061561,-1402.419215147,633.216724237,-1.071056264,0.017173025,1.500000000,1.500000000,3.123036562,0.524533140
204.959220179,701.013658844,-1402.856234502,633.163983015,-1.063184203,0.015805996,1.500000000,1.500000000,3.205572988,0.405861993
205.457392783,701.255816487,-1403.291591388,633.113369359,-1.056284228,0.013846313,1.500000000,1.500000000,3.268038683,0.247544179
205.955869791,701.501122094,-1403.725532037,633.062151493,-1.050503928,0.011592488,1.500000000,1.500000000,3.305581189,0.236022474
206.454640700,701.749078004,-1404.158302515,633.010329341,-1.045803724,0.009421195,1.500000000,1.500000000,3.341004233,0.484811274
206.953662363,701.999190957,-1404.590119758,632.958594627,-1.042031303,0.007558019,1.500000000,1.500000000,3.412648816,0.799999996
207.452896717,702.251038418,-1405.021174042,632.906091854,-1.039059753,0.005950956,1.500000000,1.500000000,3.527739631,0.799999999
207.952341732,702.504272476,-1405.451659622,632.851641296,-1.036901878,0.004319466,1.500000000,1.500000000,3.639238784,0.411028513
208.452036757,702.758562107,-1405.881812970,632.797125387,-1.035730279,0.002343903,1.500000000,1.500000000,3.695245152,-1.499999998
208.952040442,703.013512914,-1406.311933616,632.743101134,-1.035793528,-0.000126453,1.500000000,1.500000000,3.486377157,-1.500000000
209.452397307,703.268616583,-1406.742374217,632.689953312,-1.037286911,-0.002983554,1.500000000,1.500000000,3.264009050,-1.499999996
209.953116821,703.523261583,-1407.173507556,632.638298117,-1.040268847,-0.005953255,1.500000000,1.500000000,3.025160581,-1.500000000
210.454180174,703.776793819,-1407.605694887,632.589239844,-1.044685238,-0.008811164,1.500000000,1.500000000,2.765575253,-1.063847899
210.955569384,704.028578518,-1408.039279486,632.542285308,-1.050487148,-0.011567764,1.500000000,1.500000000,2.565463460,-0.720295319
211.457295764,704.278010998,-1408.474610163,632.498275970,-1.057754394,-0.014478934,1.500000000,1.500000000,2.420500039,-0.496414560
211.959404446,704.524460909,-1408.912075099,632.457082273,-1.066725366,-0.017858774,1.500000000,1.500000000,2.315234830,-0.380991985
212.461949470,704.767187221,-1409.352115368,632.417819557,-1.077697064,-0.021822124,1.500000000,1.500000000,2.231004497,-0.339337745
212.964956703,705.005289822,-1409.795199365,632.380438887,-1.090856147,-0.026149238,1.500000000,1.500000000,2.153137800,-0.322733173
213.468402348,705.237743824,-1410.241767002,632.344917282,-1.106160585,-0.030387735,1.500000000,1.500000000,2.076305653,-0.295707920
213.972224171,705.463504967,-1410.692176078,632.309308713,-1.123364863,-0.034136564,1.500000000,1.500000000,2.003266572,-0.254156448
214.476357675,705.681618968,-1411.146683363,632.273324011,-1.142180184,-0.037311259,1.500000000,1.500000000,1.938251634,-0.214492270
214.980769312,705.891258762,-1411.605466815,632.238650832,-1.162454322,-0.040181774,1.500000000,1.500000000,1.881604263,-0.191988762
215.485461487,706.091666069,-1412.068663429,632.205310880,-1.184233861,-0.043140616,1.500000000,1.500000000,1.829383544,-0.188255965
215.990449295,706.282049890,-1412.536388440,632.171749913,-1.207668914,-0.046392462,1.500000000,1.500000000,1.776657034,-0.192031726
216.495734076,706.461526762,-1413.008723875,632.138282444,-1.232858470,-0.049837071,1.500000000,1.500000000,1.721176574,-0.189421105
217.001298837,706.629142861,-1413.485694075,632.104921559,-1.259780777,-0.053236522,1.500000000,1.500000000,1.664607920,-0.173864189
217.507126007,706.783938934,-1413.967253315,632.071247426,-1.288363486,-0.056490240,1.500000000,1.500000000,1.610909391,-0.147673510
218.013216511,706.924982776,-1414.453292647,632.037425262,-1.318617808,-0.059761358,1.500000000,1.500000000,1.563827594,-0.117088434
218.519591882,707.051330604,-1414.943651947,632.004400150,-1.350713589,-0.063361113,1.500000000,1.500000000,1.525442672,0.000000000
219.026279617,707.161945789,-1415.438118065,631.972190290,-1.384933657,-0.067511715,1.500000000,1.500000000,1.525442672,-0.087500689
219.533294413,707.255639291,-1415.936400646,631.940769994,-1.421542565,-0.072178206,1.500000000,1.500000000,1.496077223,-0.062316735
220.040626354,707.331079668,-1416.438092232,631.910246594,-1.460656173,-0.077070428,1.500000000,1.500000000,1.474793720,-0.043460209
220.548239213,707.386875259,-1416.942629314,631.879791620,-1.502181423,-0.081780969,1.500000000,1.500000000,1.459758403,-0.032412245
221.056076942,707.421693160,-1417.449272061,631.848832673,-1.545839694,-0.085948483,1.500000000,1.500000000,1.448438564,-0.029308007
221.564075734,707.434369784,-1417.957112661,631.817454248,-1.591240832,-0.089355641,1.500000000,1.500000000,1.438122877,-0.031508868
222.072179308,707.423982581,-1418.465110051,631.786287696,-1.637970112,-0.091953325,1.500000000,1.500000000,1.426947046,-0.034197747
222.580352811,707.389872310,-1418.972137465,631.756007406,-1.685673298,-0.093857294,1.500000000,1.500000000,1.414715906,-0.033580546
223.088587545,707.331616172,-1419.477022370,631.726919195,-1.734131381,-0.095330054,1.500000000,1.500000000,1.402600262,-0.029583526
223.596891465,707.248960988,-1419.978560998,631.699283444,-1.783294290,-0.096702568,1.500000000,1.500000000,1.391837868,-0.025133107
224.105271167,707.141742523,-1420.475505786,631.671830364,-1.833237588,-0.098223246,1.500000000,1.500000000,1.382627328,-0.022805929
224.613720150,707.009831031,-1420.966545221,631.645397160,-1.884054552,-0.099928996,1.500000000,1.500000000,1.374215058,-0.022014851
225.122223181,706.853130773,-1421.450301732,631.618991260,-1.935758411,-0.101662823,1.500000000,1.500000000,1.366044578,-0.019410372
225.630770396,706.671623215,-1421.925354651,631.592721234,-1.988269849,-0.103241118,1.500000000,1.500000000,1.358799326,-0.012283083
226.139364542,706.465412572,-1422.390268811,631.566436770,-2.041488659,-0.104621206,1.500000000,1.500000000,1.354194004,-0.001598664
226.648012144,706.234739135,-1422.843603289,631.540865778,-2.095366505,-0.105906006,1.500000000,1.500000000,1.353593398,0.000000000
227.156706839,705.979963964,-1423.283898536,631.514131288,-2.149894579,-0.107176668,1.500000000,1.500000000,1.353593398,0.000000000
227.665422374,705.701559500,-1423.709671304,631.487306571,-2.205006241,-0.108322669,1.500000000,1.500000000,1.353593398,0.000000000
228.174124305,705.400132620,-1424.119451111,631.459177869,-2.260490825,-0.109060685,1.500000000,1.500000000,1.353593398,0.000000000
228.682791140,705.076467132,-1424.511857280,631.430187131,-2.316020980,-0.109157490,1.500000000,1.500000000,1.353593398,0.000000000
229.191425460,704.731543414,-1424.885670736,631.400578340,-2.371293756,-0.108656837,1.500000000,1.500000000,1.353593398,0.000000000
229.700044021,704.366506568,-1425.239847164,631.370564297,-2.426168712,-0.107877401,1.500000000,1.500000000,1.353593398,0.000000000
230.208655583,703.982598815,-1425.573464547,631.337828665,-2.480675734,-0.107157083,1.500000000,1.500000000,1.353593398,0.000000000
230.717247428,703.581101297,-1425.885659050,631.304938871,-2.534883606,-0.106575925,1.500000000,1.500000000,1.353593398,0.008300326
231.225794017,703.163315600,-1426.175615502,631.270661654,-2.588755902,-0.105927343,1.500000000,1.500000000,1.356708256,0.013077173
231.734280051,702.730574479,-1426.442623311,631.235468189,-2.642135753,-0.104970708,1.500000000,1.500000000,1.361600680,0.012255670
232.242716076,702.284247571,-1426.686138162,631.197996321,-2.694877251,-0.103722731,1.500000000,1.500000000,1.366169411,0.010009082
232.751133053,701.825721080,-1426.905777136,631.159368467,-2.747003285,-0.102513138,1.500000000,1.500000000,1.369889205,0.011299668
233.259563947,701.356360812,-1427.101232790,631.118420884,-2.798752829,-0.101767895,1.500000000,1.500000000,1.374076648,0.002706331
233.768030764,700.877484821,-1427.272160521,631.078128334,-2.850488811,-0.101732924,1.500000000,1.500000000,1.375077741,-0.015452887
234.276544678,700.390365284,-1427.418108999,631.038930855,-2.902551460,-0.102365153,1.500000000,1.500000000,1.369351225,-0.008710399
234.785110662,699.896260151,-1427.538522773,631.000672438,-2.955158746,-0.103425417,1.500000000,1.500000000,1.366112423,-0.001445464
235.293726352,699.396458019,-1427.632797633,630.963878679,-3.008386840,-0.104636902,1.500000000,1.500000000,1.365574158,0.000000000
235.802377233,698.892313166,-1427.700352692,630.928952476,-3.062195483,-0.105773163,1.500000000,1.500000000,1.365574158,0.000000000
236.311038302,698.385254532,-1427.740696524,630.894195371,-3.116455029,-0.106659682,1.500000000,1.500000000,1.365574158,0.000000000
236.819685535,697.876767998,-1427.753481360,630.858141438,3.112215109,-0.107166023,1.500000000,1.500000000,1.365574158,0.000000000
237.328308844,697.368364154,-1427.738541405,630.820812754,3.057659078,-0.107250522,1.500000000,1.500000000,1.365574158,-0.005118955
237.836916299,696.861547178,-1427.695902268,630.782287652,3.003216382,-0.107029081,1.500000000,1.500000000,1.363666273,-0.003873512
238.345527182,696.357797969,-1427.625746981,630.743145800,2.948903881,-0.106770655,1.500000000,1.500000000,1.362220791,0.000000000
238.854158835,695.858579619,-1427.528344734,630.703228778,2.894595393,-0.106758049,1.500000000,1.500000000,1.362220791,0.000000000
239.362814673,695.365361007,-1427.403981710,630.663037198,2.840119249,-0.107084015,1.500000000,1.500000000,1.362220791,0.000000000
239.871479831,694.879636632,-1427.252945045,630.623588286,2.785406009,-0.107550838,1.500000000,1.500000000,1.362220791,0.000000000
240.380127360,694.402915197,-1427.075578240,630.584182361,2.730579866,-0.107779208,1.500000000,1.500000000,1.362220791,0.000000000
240.888731255,693.936669541,-1426.872371672,630.544104487,2.675925721,-0.107451843,1.500000000,1.500000000,1.362220791,0.000000000
241.397277776,693.482271884,-1426.644024712,630.503919612,2.621759477,-0.106504668,1.500000000,1.500000000,1.362220791,0.000000000
241.905768774,693.040951500,-1426.391439254,630.465345537,2.568291792,-0.105141597,1.500000000,1.500000000,1.362220791,0.000000000
242.414217179,692.613796296,-1426.115652720,630.428924745,2.515561549,-0.103698866,1.500000000,1.500000000,1.362220791,0.005559800
242.922638789,692.201792070,-1425.817751645,630.393042368,2.463458526,-0.102469929,1.500000000,1.500000000,1.364294297,0.016279339
243.431044855,691.805873585,-1425.498807635,630.356097493,2.411805664,-0.101587527,1.500000000,1.500000000,1.370347386,0.023942777
243.939439200,691.426958924,-1425.159855589,630.318611697,2.360448325,-0.101008854,1.500000000,1.500000000,1.379201473,0.026028361
244.447820981,691.065952806,-1424.801907801,630.279299118,2.309302451,-0.100595617,1.500000000,1.500000000,1.388762540,0.022749972
244.956189255,690.723727429,-1424.425982153,630.238270834,2.258347890,-0.100222183,1.500000000,1.500000000,1.397065539,0.016674910
245.464542959,690.401102312,-1424.033125280,630.198014970,2.207598644,-0.099822030,1.500000000,1.500000000,1.403119961,0.011093962
245.972874653,690.098834284,-1423.624425940,630.160502293,2.157097702,-0.099340043,1.500000000,1.500000000,1.407133416,0.008001089
246.481163745,689.817606121,-1423.201024806,630.124477120,2.106952704,-0.098651567,1.500000000,1.500000000,1.410020632,0.007288292
246.989376394,689.557993061,-1422.764125325,630.089384309,2.057381479,-0.097541482,1.500000000,1.500000000,1.412645103,0.007872096
247.497472876,689.320402006,-1422.315001149,630.055091245,2.008719842,-0.095777434,1.500000000,1.500000000,1.415473686,0.009569049
248.005416048,689.105003703,-1421.854990456,630.019152036,1.961371882,-0.093223350,1.500000000,1.500000000,1.418903387,0.013835795
248.513174140,688.911689693,-1421.385471583,629.981001809,1.915729345,-0.089901599,1.500000000,1.500000000,1.423845952,0.022729509
249.020716691,688.740072482,-1420.907824251,629.941228852,1.872112402,-0.085951986,1.500000000,1.500000000,1.431925166,0.037222079
249.528007827,688.589520016,-1420.423388236,629.901483132,1.830767879,-0.081518660,1.500000000,1.500000000,1.445051744,0.056421490
250.035001718,688.459195685,-1419.933430713,629.862126415,1.791915838,-0.076654026,1.500000000,1.500000000,1.464713366,0.000000000
250.541642701,688.348078164,-1419.439125158,629.823855186,1.755797580,-0.071314857,1.500000000,1.500000000,1.464713366,0.078294091
251.047870453,688.254958700,-1418.941535666,629.785496667,1.722677688,-0.065452227,1.500000000,1.500000000,1.491527582,0.101062021
251.553629008,688.178438391,-1418.441599312,629.747121135,1.692790220,-0.059122035,1.500000000,1.500000000,1.525411581,0.125231305
252.058876105,688.116954102,-1417.940107226,629.708424423,1.666265512,-0.052524779,1.500000000,1.500000000,1.566341597,0.154246320
252.563587764,688.068842853,-1417.437693885,629.669413082,1.643091889,-0.045938319,1.500000000,1.500000000,1.615278871,0.193724204
253.067755188,688.032425529,-1416.934843440,629.631422917,1.623140104,-0.039594511,1.500000000,1.500000000,1.674653605,0.249392791
253.571376631,688.006076117,-1416.431911768,629.594959100,1.606229825,-0.033595213,1.500000000,1.500000000,1.748045712,0.325170389
254.074450820,687.988254168,-1415.929153359,629.560109399,1.592189137,-0.027924756,1.500000000,1.500000000,1.839248072,0.422757195
254.576977031,687.977504540,-1415.426742135,629.525255187,1.580871105,-0.022534295,1.500000000,1.500000000,1.951339697,0.543778861
255.078961649,687.972447242,-1414.924782993,629.490259098,1.572127472,-0.017427086,1.500000000,1.500000000,2.086543520,0.695502904
255.580427079,687.971779719,-1414.423318007,629.455601120,1.565765355,-0.012693029,1.500000000,1.500000000,2.247488640,0.800000000
256.081418411,687.974300181,-1413.922333015,629.421852256,1.561514802,-0.008487708,1.500000000,1.500000000,2.419254290,0.799999997
256.582004842,687.978946320,-1413.421768146,629.388434501,1.559022852,-0.004979634,1.500000000,1.500000000,2.579482430,0.800000000
257.082274914,687.984836101,-1412.921532746,629.355344327,1.557875766,-0.002293434,1.500000000,1.500000000,2.730231075,0.800000000
257.582326746,687.991296872,-1412.421522653,629.320979986,1.557640355,-0.000470831,1.500000000,1.500000000,2.873020128,0.799999998
258.082255944,687.997873736,-1411.921636718,629.284850719,1.557910971,0.000541331,1.500000000,1.500000000,3.009008370,0.799999998
258.582143650,688.004314789,-1411.421790510,629.247562478,1.558352641,0.000883526,1.500000000,1.500000000,3.139100460,0.800000000
259.082046458,688.010535262,-1410.921926406,629.212268187,1.558735744,0.000766322,1.500000000,1.500000000,3.264015348,0.799999998
259.581990760,688.016564736,-1410.422018464,629.176877184,1.558954163,0.000436870,1.500000000,1.500000000,3.384332589,0.800000000
260.081975316,688.022485496,-1409.922068965,629.142780009,1.559012705,0.000117085,1.500000000,1.500000000,3.500526013,0.799999999
260.581983518,688.028377267,-1409.422095477,629.109870361,1.558977460,-0.000070488,1.500000000,1.500000000,3.612989827,0.799999996
261.082000532,688.034286764,-1408.922113385,629.077580671,1.558907346,-0.000140224,1.500000000,1.500000000,3.722058934,0.800000000
261.582025547,688.040231412,-1408.422123708,629.043535418,1.558805199,-0.000204279,1.500000000,1.500000000,3.828023346,0.799999998
262.082071159,688.046227379,-1407.922114046,629.010665914,1.558620212,-0.000369928,1.500000000,1.500000000,3.931136695,0.799999998
262.582150135,688.052316248,-1407.422072140,628.978331980,1.558300861,-0.000638582,1.500000000,1.500000000,4.031620279,0.800000000
263.082258549,688.058565173,-1406.922002768,628.946905725,1.557862456,-0.000876619,1.500000000,1.500000000,4.129665306,0.800000000
263.582367216,688.065033333,-1406.421935930,628.916756453,1.557421581,-0.000881601,1.500000000,1.500000000,4.225436002,0.799999998
264.082428282,688.071721323,-1405.921919590,628.888666944,1.557169716,-0.000503717,1.500000000,1.500000000,4.319074798,0.800000000
264.582394204,688.078533953,-1405.422000086,628.862265082,1.557296941,0.000254499,1.500000000,1.500000000,4.410708853,0.799999998
265.082238502,688.085281339,-1404.922201331,628.838095719,1.557908523,0.001223686,1.500000000,1.500000000,4.500455917,0.800000000
265.581966598,688.091721559,-1404.422514736,628.815881291,1.558981874,0.002148051,1.500000000,1.500000000,4.588427663,0.800000000
266.081610923,688.097624446,-1403.922905281,628.795221515,1.560387136,0.002812642,1.500000000,1.500000000,4.674729868,0.799999997
266.581213192,688.102824807,-1403.423330078,628.775721649,1.561958605,0.003145478,1.500000000,1.500000000,4.759460365,0.799999998
267.080803239,688.107239987,-1402.923759541,628.757079864,1.563578581,0.003242636,1.500000000,1.500000000,4.842706582,0.800000000
267.580385006,688.110845810,-1402.424190787,628.739164516,1.565231736,0.003309179,1.500000000,1.500000000,4.924544433,0.799999994
268.079936387,688.113625595,-1401.924647141,628.721262904,1.567004652,0.003549245,1.500000000,1.500000000,5.005039468,0.800000000
268.579422851,688.115519481,-1401.425164267,628.703094588,1.569031560,0.004058353,1.500000000,1.500000000,5.084250035,0.800000000
269.078818299,688.116400797,-1400.925769596,628.684302167,1.571412438,0.004767952,1.500000000,1.500000000,5.162231217,0.800000000
269.578123047,688.116093170,-1400.426464944,628.666005819,1.574143407,0.005469860,1.500000000,1.500000000,5.239037959,0.800000000
270.077369836,688.114422154,-1399.927220951,628.648485836,1.577094906,0.005911915,1.500000000,1.500000000,5.314726108,0.799999990
270.576614357,688.111277644,-1399.427986333,628.632246964,1.580050224,0.005919247,1.500000000,1.500000000,5.389351058,0.800000000
271.075914698,688.106657236,-1398.928707370,628.615661871,1.582785632,0.005477956,1.500000000,1.500000000,5.462964889,0.799999999
271.575310589,688.100669970,-1398.429347371,628.598257751,1.585149571,0.004733087,1.500000000,1.500000000,5.535613679,0.799999996
272.074814122,688.093500720,-1397.929895290,628.578946231,1.587096711,0.003897761,1.500000000,1.500000000,5.607336663,0.800000000
272.574417057,688.085357361,-1397.430358727,628.557454605,1.588658510,0.003125803,1.500000000,1.500000000,5.678167764,0.799999996
273.074108842,688.076432249,-1396.930746655,628.533898004,1.589873300,0.002430857,1.500000000,1.500000000,5.748138482,0.800000000
273.573892124,688.066898475,-1396.431054314,628.509715042,1.590726678,0.001707307,1.500000000,1.500000000,5.817280229,0.799999993
274.073785062,688.056936093,-1395.931260656,628.484944888,1.591143297,0.000833308,1.500000000,1.500000000,5.885624687,0.800000000
274.573809914,688.046762804,-1395.431339305,628.460394519,1.591032156,-0.000222240,1.500000000,1.500000000,5.953202308,0.800000000
275.073976405,688.036642211,-1394.931275216,628.436568984,1.590352438,-0.001358810,1.500000000,1.500000000,6.020040208,0.800000000
275.574270516,688.026859027,-1394.431076769,628.413240049,1.589158463,-0.002386331,1.500000000,1.500000000,6.086160915,0.799999998
276.074655358,688.017671409,-1393.930776281,628.390566817,1.587597138,-0.003120112,1.500000000,1.500000000,6.151582758,0.800000000
276.575083673,688.009264203,-1393.430418592,628.368103500,1.585858694,-0.003473902,1.500000000,1.500000000,6.216321721,0.144784422
277.075514342,688.001726818,-1392.930044690,628.345614395,1.584110117,-0.003494222,1.500000000,1.500000000,6.227966351,-1.500000000
277.575923007,687.995064679,-1392.429680374,628.322372002,1.582451183,-0.003315253,1.500000000,1.500000000,6.106254078,-1.499999991
278.076302509,687.989232960,-1391.929334857,628.298932747,1.580911643,-0.003076821,1.500000000,1.500000000,5.982073250,-1.500000000
278.576657296,687.984171799,-1391.429005667,628.276011097,1.579473532,-0.002874221,1.500000000,1.500000000,5.855265665,-1.500000000
279.076998611,687.979830289,-1390.928683189,628.253989834,1.578091004,-0.002763162,1.500000000,1.500000000,5.725653854,-1.499999994
279.577342636,687.976180473,-1390.428352476,628.232370310,1.576698128,-0.002783774,1.500000000,1.500000000,5.593038529,-1.500000000
280.077708901,687.973227428,-1389.927994926,628.211264793,1.575215260,-0.002963445,1.500000000,1.500000000,5.457195359,-1.500000000
280.578116125,687.971016169,-1389.427592587,628.190106823,1.573565600,-0.003296462,1.500000000,1.500000000,5.317871709,-1.500000000
281.078575925,687.969630261,-1388.927134706,628.168623033,1.571700726,-0.003726126,1.500000000,1.500000000,5.174783098,-1.499999995
281.579087960,687.969177599,-1388.426622876,628.146970824,1.569620816,-0.004155392,1.500000000,1.500000000,5.027608180,-1.499999999
282.079641004,687.969766004,-1387.926070178,628.124854976,1.567371041,-0.004494456,1.500000000,1.500000000,4.875980402,-1.499999999
282.580221486,687.971480632,-1387.425492632,628.102083956,1.565007151,-0.004722188,1.500000000,1.500000000,4.719474911,-1.499999999
283.080824993,687.974378697,-1386.924897514,628.078977487,1.562547958,-0.004912288,1.500000000,1.500000000,4.557590692,-1.500000000
283.581462516,687.978508094,-1386.424277021,628.055899040,1.559948580,-0.005191839,1.500000000,1.500000000,4.389728960,-1.499999999
284.082156741,687.983939391,-1385.923612255,628.031724434,1.557114762,-0.005659319,1.500000000,1.500000000,4.215167573,-1.499999997
284.582932061,687.990790568,-1385.422883803,628.008121239,1.553943910,-0.006331253,1.500000000,1.500000000,4.033027611,-1.499999998
285.083806949,687.999231121,-1384.922080039,627.984855959,1.550357157,-0.007160170,1.500000000,1.500000000,3.842224232,-1.500000000
285.584793966,688.009470166,-1384.421197665,627.960952474,1.546299706,-0.008097906,1.500000000,1.500000000,3.641390668,-1.454661909
286.085905198,688.021744471,-1383.920236780,627.934986357,1.541717762,-0.009142273,1.500000000,1.500000000,3.435379332,-1.144878608
286.587157138,688.036318104,-1383.419196744,627.908242784,1.536537155,-0.010333652,1.500000000,1.500000000,3.264059728,-0.848870319
287.088571241,688.053492775,-1382.918076866,627.879050336,1.530660345,-0.011718295,1.500000000,1.500000000,3.130944715,-0.579865029
287.590170327,688.073619542,-1382.416881737,627.846690069,1.523981515,-0.013312351,1.500000000,1.500000000,3.036625639,-0.354220012
288.091972827,688.097102752,-1381.915629019,627.810697876,1.516411082,-0.015083268,1.500000000,1.500000000,2.977515457,-0.198733647
288.593986675,688.124391441,-1381.414357405,627.771255714,1.507901940,-0.016946523,1.500000000,1.500000000,2.943817965,-0.149820513
289.096204305,688.155957290,-1380.913132760,627.728388594,1.498472531,-0.018772141,1.500000000,1.500000000,2.918146536,-0.232674681
289.598600299,688.192260807,-1380.412050142,627.681991681,1.488221048,-0.020402303,1.500000000,1.500000000,2.877809853,-0.418632576
290.101133831,688.233710510,-1379.911228944,627.633035028,1.477320362,-0.021689397,1.500000000,1.500000000,2.803753865,-0.607428400
290.603757991,688.280625397,-1379.410799088,627.582144488,1.465980944,-0.022559109,1.500000000,1.500000000,2.692660275,-0.692747918
291.106435646,688.333217326,-1378.910880182,627.529395269,1.454379312,-0.023078527,1.500000000,1.500000000,2.560070616,-0.649408963
291.609157273,688.391610569,-1378.411561382,627.474540967,1.442571269,-0.023486365,1.500000000,1.500000000,2.429201041,-0.530668738
292.111953053,688.455905064,-1377.912893342,627.418170676,1.430427272,-0.024149370,1.500000000,1.500000000,2.316761035,-0.405033564
292.614891361,688.526270432,-1377.414901719,627.362094874,1.417628533,-0.025441940,1.500000000,1.500000000,2.227098539,-0.315196151
293.118059617,688.603038612,-1376.917624190,627.305954037,1.403744522,-0.027584611,1.500000000,1.500000000,2.154709843,-0.269719037
293.621532307,688.686753998,-1376.421160210,627.250795704,1.388375304,-0.030515895,1.500000000,1.500000000,2.090737231,-0.250274027
294.125342368,688.778150662,-1375.925709680,627.196560467,1.371294259,-0.033892459,1.500000000,1.500000000,2.029532218,-0.230073101
294.629475534,688.878060428,-1375.431575803,627.144066814,1.352503620,-0.037262116,1.500000000,1.500000000,1.971554225,-0.193872496
295.133892841,688.987298635,-1374.939129021,627.092813546,1.332158630,-0.040322842,1.500000000,1.500000000,1.921312254,-0.143942643
295.638563092,689.106592160,-1374.448760673,627.046069622,1.310412892,-0.043077690,1.500000000,1.500000000,1.883123373,-0.092844021
296.143478555,689.236583192,-1373.960865237,627.000287451,1.287304646,-0.045754213,1.500000000,1.500000000,1.858062667,-0.054286379
296.648644150,689.377882887,-1373.475863511,626.956800577,1.262769537,-0.048555463,1.500000000,1.500000000,1.843244328,-0.036021875
297.154054579,689.531112659,-1372.994240900,626.914383595,1.236758269,-0.051453218,1.500000000,1.500000000,1.833340664,-0.034612172
297.659680406,689.696887421,-1372.516562970,626.872517998,1.209358433,-0.054179387,1.500000000,1.500000000,1.823769825,-0.036599282
298.165471651,689.875745113,-1372.043451239,626.829098211,1.180828150,-0.056399136,1.500000000,1.500000000,1.813591239,-0.028548325
298.671373769,690.068068347,-1371.575531666,626.787371433,1.151517778,-0.057930767,1.500000000,1.500000000,1.805610109,-0.006777732
299.177345805,690.274050371,-1371.113385470,626.745851791,1.121730608,-0.058865954,1.500000000,1.500000000,1.803709838,0.000000000
299.683370232,690.493727756,-1370.657531802,626.705469791,1.091617607,-0.059503656,1.500000000,1.500000000,1.803709838,0.000000000
300.189447086,690.727054767,-1370.208452423,626.666110461,1.061184574,-0.060129826,1.500000000,1.500000000,1.803709838,0.000000000
300.695575371,690.973963565,-1369.766635847,626.627301125,1.030406395,-0.060806664,1.500000000,1.500000000,1.803709838,0.000000000
301.201736252,691.234368356,-1369.332598773,626.587867792,0.999354668,-0.061345405,1.500000000,1.500000000,1.803709838,0.000000000
301.707891756,691.508120141,-1368.906860174,626.548363991,0.968239130,-0.061474732,1.500000000,1.500000000,1.803709838,0.000000000
302.213998743,691.794956869,-1368.489884187,626.508765815,0.937343618,-0.061047810,1.500000000,1.500000000,1.803709838,0.000000000
302.720025790,692.094490027,-1368.082032181,626.469408780,0.906917372,-0.060130843,1.500000000,1.500000000,1.803709838,0.000000000
303.225961026,692.406235469,-1367.683553520,626.430117122,0.877096891,-0.058944267,1.500000000,1.500000000,1.803709838,-0.216480473
303.731807869,692.729666856,-1367.294615007,626.391203594,0.847896476,-0.057728366,1.500000000,1.500000000,1.741940657,-1.499999998
304.237573843,693.064262416,-1366.915345932,626.352712887,0.819260820,-0.056620908,1.500000000,1.500000000,1.231689625,-1.500000000
304.743260287,693.409525635,-1366.545870508,626.313780601,0.791142809,-0.055606692,1.500000000,1.500000000,0.000000000,0.000000000
