index,s,x,y,yaw,center_on_road,left_road_extent,right_road_extent
0,0.000000000,726.489308372,-1400.89609567,1.988976637,1,4.98581600189,2.01430473328
1,0.498008612,726.287067951,-1400.44100074,1.996550236,1,4.98658380508,2.01341609955
2,0.996058646,726.081369548,-1399.98741282,2.003967972,1,4.9884598732,2.01154031754
3,1.494177803,725.872283226,-1399.53530044,2.011133297,1,4.98953561783,2.01048755646
4,1.992368207,725.659932399,-1399.08463337,2.018040335,1,4.98931369781,2.01076440811
5,2.490615224,725.444449403,-1398.63539271,2.024742746,1,4.98849363327,2.01157808304
6,2.988893440,725.225946592,-1398.18757835,2.031334198,1,4.98887214661,2.01113290787
7,3.487167646,725.004498585,-1397.74121755,2.037945351,1,4.98992233276,2.01008148193
8,3.985392265,724.78012681,-1397.2963748,2.044744473,1,4.99084625244,2.00920181274
9,4.483512835,724.552783193,-1396.85316042,2.051930189,1,4.98983612061,2.01040668488
10,4.981469674,724.322336432,-1396.41173624,2.059717261,1,4.9872792244,2.01298971176
11,5.479201245,724.088565094,-1395.97231881,2.068323644,1,4.98592605591,2.0141907692
12,5.976645547,723.851157765,-1395.535182,2.077963605,1,4.98502140045,2.01514892578
13,6.473740556,723.609717203,-1395.10065938,2.08884385,1,4.98438215256,2.01587610245
14,6.970426422,723.363765915,-1394.66914483,2.101154671,1,4.9819067955,2.01882095337
15,7.466651150,723.112754363,-1394.24108854,2.115050925,1,4.97796907425,2.02301521301
16,7.962377254,722.856077036,-1393.81698818,2.130631297,1,4.9739865303,2.02663583755
17,8.457582530,722.593100072,-1393.39737957,2.147939217,1,4.97317285538,2.02743377686
18,8.952250358,722.323193556,-1392.98283557,2.166999272,1,4.97043142319,2.03070001602
19,9.446355507,722.04575126,-1392.57397658,2.187864453,1,4.96712265015,2.03409986496
20,9.939858992,721.760187206,-1392.17148576,2.210627222,1,4.96458044052,2.03632974625
21,10.432717800,721.465921028,-1391.77611603,2.235381977,1,4.96267080307,2.03906240463
22,10.924898418,721.162376988,-1391.38868504,2.262184083,1,4.95889892578,2.04320249557
23,11.416376912,720.849006923,-1391.01006872,2.291059165,1,4.95455703735,2.04828987122
24,11.907119838,720.525321599,-1390.64121044,2.322066862,1,4.95056362152,2.05128307343
25,12.397056125,720.190906843,-1390.28315411,2.355377116,1,4.94959716797,2.05183973312
26,12.886055723,719.845414654,-1389.93709667,2.391315391,1,4.94853773117,2.05511798859
27,13.373927071,719.488536837,-1389.60444569,2.430352729,1,4.94416790009,2.06108608246
28,13.860439683,719.119977715,-1389.28686311,2.473028416,1,4.93865642548,2.06861314774
29,14.345370812,718.739446222,-1388.98627371,2.519811773,1,4.93225402832,2.07601051331
30,14.828562327,718.346687666,-1388.70482255,2.570953234,1,4.92666845322,2.08118076324
31,15.309961473,717.941563446,-1388.44478505,2.626407902,1,4.92335891724,2.08888511658
32,15.789620615,717.52416324,-1388.20845908,2.685886537,1,4.9181429863,2.09960670471
33,16.267650373,717.094916183,-1387.99807987,2.749014713,1,4.91219787598,2.10571241379
34,16.744147018,716.654668599,-1387.81578583,2.815517564,1,4.90421504974,2.10293102264
35,17.219136238,716.204708036,-1387.66363376,2.88531978,1,4.90834798813,2.11066761017
36,17.692576839,715.746729326,-1387.5436275,2.958478588,1,4.91004571915,2.11529750824
37,18.164430781,715.282764115,-1387.45770646,3.03498547,1,4.90888566971,2.12044906616
38,18.634743793,714.815121148,-1387.40766263,3.114608463,1,4.90697107315,2.13021945953
39,19.103657027,714.346378623,-1387.39501092,-3.086248586,1,4.9114071846,2.13582715988
40,19.571325039,713.879426653,-1387.42088036,-3.00156963,1,4.91625909805,2.13432817459
41,20.037802908,713.417514304,-1387.48598477,-2.91458959,1,4.92204351425,2.13092756271
42,20.503011356,712.96424066,-1387.59068388,-2.825024958,1,4.93162164688,2.13732194901
43,20.966860764,712.523440155,-1387.73508328,-2.732624855,1,4.94891195297,2.14783887863
44,21.429501889,712.09895222,-1387.91905829,-2.637816622,1,4.97682056427,2.14938173294
45,21.891508314,711.694342709,-1388.14208538,-2.54206142,1,5.01372690201,2.15772781372
46,22.353752986,711.312713411,-1388.40290949,-2.447336902,1,5.05164089203,2.15492639542
47,22.816986484,710.956704527,-1388.6992926,-2.355019543,1,5.07923774719,2.12991294861
48,23.281476660,710.628646505,-1389.02812243,-2.265257148,1,5.08754701614,2.12925024033
49,23.747073025,710.330678227,-1389.38588615,-2.177484619,1,5.07019844055,2.13713722229
50,24.213632477,710.064669408,-1389.76918372,-2.091518711,1,5.01333436966,2.14340877533
51,24.681376762,709.831963395,-1390.17493319,-2.008135133,1,4.95249948502,2.14312334061
52,25.150855625,709.6331249,-1390.60022562,-1.928667762,1,4.9037109375,2.13167638779
53,25.622601945,709.467880976,-1391.04208424,-1.854157417,1,4.88914670944,2.11127548218
54,26.096824632,709.33529577,-1391.49739547,-1.784854909,1,4.90416097641,2.09948987961
55,26.573373766,709.234063585,-1391.96306823,-1.720353063,1,4.90890483856,2.10126276016
56,27.051930228,709.162758753,-1392.43628268,-1.660050886,1,4.90532541275,2.09912586212
57,27.532218638,709.119947718,-1392.91465928,-1.603534103,1,4.90911502838,2.09205198288
58,28.014096733,709.104174918,-1393.39627916,-1.55067098,1,4.91645412445,2.08381528854
59,28.497517901,709.11390328,-1393.87960244,-1.501488991,1,4.92507219315,2.0754073143
60,28.982456455,709.147486178,-1394.36337675,-1.456027202,1,4.92991285324,2.07206678391
61,29.468873152,709.203189322,-1394.84659344,-1.414294714,1,4.93165044785,2.06876840591
62,29.956725956,709.279227785,-1395.328484,-1.37630999,1,4.93817329407,2.06186943054
63,30.445982766,709.373782819,-1395.80851688,-1.342116272,1,4.94552345276,2.05449876785
64,30.936607012,709.485003479,-1396.28636844,-1.311723384,1,4.95194749832,2.04807481766
65,31.428528820,709.611026242,-1396.76187378,-1.285024715,1,4.95757694244,2.04248418808
66,31.921630883,709.750030656,-1397.23497781,-1.261762987,1,4.9633975029,2.03665943146
67,32.415758665,709.900313647,-1397.70569778,-1.241559791,1,4.96964731216,2.03035345078
68,32.910741107,710.060351699,-1398.17409444,-1.223967885,1,4.97307958603,2.02696447372
69,33.406406593,710.228836731,-1398.64024578,-1.20851039,1,4.97576370239,2.02423763275
70,33.902591980,710.40469114,-1399.10422333,-1.194707621,1,4.97899227142,2.02101678848
71,34.399150184,710.587069699,-1399.56607624,-1.182107885,1,4.98139190674,2.01862297058
72,34.895959685,710.775348088,-1400.02582718,-1.17032834,1,4.9823225975,2.01781311035
73,35.392935000,710.969093588,-1400.48348114,-1.159098991,1,4.98229036331,2.01781148911
74,35.890034274,711.168015526,-1400.93904425,-1.148294544,1,4.98227682114,2.01785020828
75,36.387258271,711.371899006,-1401.39254533,-1.137933089,1,4.98245716095,2.01760950089
76,36.884636295,711.580534999,-1401.8440494,-1.128126658,1,4.98288183212,2.01712799072
77,37.382201183,711.793668577,-1402.29365467,-1.118992895,1,4.98502120972,2.01497917175
78,37.879963753,712.010986101,-1402.74147234,-1.110566148,1,4.98671741486,2.01329097748
79,38.377900624,712.232146926,-1403.18759902,-1.102757556,1,4.98829545975,2.01170473099
80,38.875963662,712.456841514,-1403.63209776,-1.095392843,1,4.98950824738,2.01050081253
81,39.374106579,712.684840145,-1404.07500068,-1.08831031,1,4.98980455399,2.01029310226
82,39.872312631,712.915999199,-1404.51633361,-1.081460018,1,4.9885392189,2.01161394119
83,40.370606257,713.150217229,-1404.95615,-1.07494244,1,4.98717336655,2.0128783226
84,40.869042012,713.387364424,-1405.39455553,-1.068964719,1,4.98846759796,2.01153974533
85,41.367678244,713.627224468,-1405.8317114,-1.063743901,1,4.99119262695,2.0088809967
86,41.866551103,713.86947845,-1406.2678159,-1.059413683,1,4.99401378632,2.00599069595
87,42.365662601,714.113735369,-1406.70307541,-1.05598258,1,4.99546003342,2.00454883575
88,42.864987206,714.359589196,-1407.13767978,-1.053358717,1,4.99631843567,2.00368890762
89,43.364490822,714.606671066,-1407.57179315,-1.051419681,1,4.99646110535,2.00354452133
90,43.864149687,714.854671289,-1408.00556137,-1.05008277,1,4.99794216156,2.00207958221
91,44.363958037,715.103325568,-1408.43912732,-1.049333673,1,4.99915485382,2.00085449219
92,44.863921475,715.352381817,-1408.87264136,-1.049200763,1,4.99916687012,2.00083332062
93,45.364042565,715.601574235,-1409.30625899,-1.049698813,1,4.99993343353,2.00011062622
94,45.864308821,715.850622927,-1409.74012657,-1.050781338,1,5.00243425369,1.99768438339
95,46.364689429,716.099258621,-1410.17436273,-1.052326728,1,5.00418119431,1.99583921432
96,46.865141066,716.347258153,-1410.6090443,-1.054160919,1,5.00405406952,1.99594612122
97,47.365620044,716.594473484,-1411.0442038,-1.056106459,1,5.00338201523,1.99661827087
98,47.866095958,716.84084022,-1411.47984077,-1.058038779,1,5.0027964592,1.99720401764
99,48.366559784,717.086358776,-1411.91594246,-1.059920345,1,5.00288991928,1.99711475372
100,48.867020451,717.331054799,-1412.35250258,-1.061787645,1,5.00274486542,1.99725542068
101,49.367491094,717.574940069,-1412.78952756,-1.06369531,1,5.00251111984,1.99749326706
102,49.867974033,717.817997169,-1413.22702776,-1.065654368,1,5.00307273865,1.99695110321
103,50.368454069,718.060195311,-1413.66500073,-1.067603943,1,5.00402584076,1.99601097107
104,50.868902082,718.30152369,-1414.103417,-1.069425425,1,5.00453605652,1.99546384811
105,51.369283515,718.5420211,-1414.54221374,-1.070977545,1,5.00305109024,1.99699792862
106,51.869565818,718.781789647,-1414.98129622,-1.072127962,1,5.00114450455,1.99886550903
107,52.369723332,719.020993226,-1415.42054465,-1.072774088,1,5.00076971054,1.99923009872
108,52.869740530,719.259845918,-1415.85982428,-1.072856198,1,5.00064496994,1.99935493469
109,53.369612746,719.498593294,-1416.29899614,-1.072359464,1,5.00027389526,1.99975452423
110,53.869341600,719.737490258,-1416.73792343,-1.071294648,1,4.99810495377,2.00202655792
111,54.368924218,719.976784418,-1417.17646773,-1.069655028,1,4.99567403793,2.00437908173
112,54.868339717,720.216717013,-1417.61447251,-1.067364406,1,4.99624500275,2.00378265381
113,55.367539736,720.457548326,-1418.0517378,-1.064243099,1,4.99693641663,2.00308895111
114,55.866450053,720.699602749,-1418.48799594,-1.060018092,1,4.99579591751,2.00437765121
115,56.364986024,720.943315199,-1418.92290093,-1.054385846,1,4.99256486893,2.00794296265
116,56.863075470,721.189252786,-1419.3560381,-1.047100449,1,4.98821783066,2.01229858398
117,57.360673991,721.438093889,-1419.78694689,-1.038028564,1,4.98474349976,2.01573286057
118,57.857761013,721.690574055,-1420.21513993,-1.02712957,1,4.98184337616,2.01855373383
119,58.354322963,721.947434398,-1420.64010644,-1.014390947,1,4.97986011505,2.02065725327
120,58.850345985,722.209402614,-1421.06130887,-0.99980384,1,4.97755899429,2.02293081284
121,59.345832911,722.477197124,-1421.47819422,-0.98342367,1,4.97571630478,2.02493896484
122,59.840831486,722.751513424,-1421.89023082,-0.965457522,1,4.97225246429,2.02977361679
123,60.335444310,723.032968258,-1422.29695557,-0.946277326,1,4.96545333862,2.0362695694
124,60.829806522,723.322025369,-1422.69800417,-0.926331353,1,4.96342773437,2.03662528992
125,61.324047432,723.618950882,-1423.09311089,-0.906025971,1,4.9679274559,2.03207263947
126,61.818263583,723.923822153,-1423.48208789,-0.885660036,1,4.97138223648,2.02892999649
127,62.312513948,724.236573184,-1423.86480217,-0.86542162,1,4.96971702576,2.03180551529
128,62.806825340,724.557044733,-1424.24115538,-0.845396938,1,4.96515836716,2.03588724136
129,63.301191250,724.88502405,-1424.61105702,-0.825552524,1,4.96454992294,2.03549804688
130,63.795562616,725.220282489,-1424.9743817,-0.805707164,1,4.96971092224,2.03030099869
131,64.289846918,725.562624448,-1425.33091915,-0.785547733,1,4.97385635376,2.02634744644
132,64.783932564,725.911943499,-1425.68034272,-0.764723933,1,4.97239522934,2.02989234924
133,65.277734676,726.268258025,-1426.02222059,-0.742992039,1,4.96480903625,2.03823757172
134,65.771234347,726.631694753,-1426.35607037,-0.720320674,1,4.95901451111,2.04164037704
135,66.264481716,727.002416636,-1426.68142902,-0.696881879,1,4.96033401489,2.03979177475
136,66.757560967,727.380533086,-1426.99790192,-0.672937229,1,4.96346330643,2.03681459427
137,67.250548631,727.766046634,-1427.30517402,-0.648718753,1,4.96415634155,2.0368106842
138,67.743500577,728.158859601,-1427.60299879,-0.624401715,1,4.96167135239,2.03978300095
139,68.236471138,728.55881304,-1427.89119529,-0.600165428,1,4.95908470154,2.04174184799
140,68.729533984,728.965709305,-1428.16966682,-0.576246839,1,4.95930671692,2.04096307755
141,69.222775409,729.379298936,-1428.43842456,-0.552908747,1,4.96143980026,2.03870668411
142,69.716263183,729.799257305,-1428.69758697,-0.530344382,1,4.96500530243,2.03513593674
143,70.210020580,730.225188691,-1428.94734449,-0.508608898,1,4.9666103363,2.03369426727
144,70.704029091,730.656666972,-1429.18790821,-0.487639245,1,4.96693000793,2.03352613449
145,71.198255361,731.093286935,-1429.41947378,-0.467339695,1,4.96753044128,2.0327299118
146,71.692677945,731.53469256,-1429.6422175,-0.447657767,1,4.96783409119,2.03253278732
147,72.187293562,731.980570447,-1429.85631449,-0.428593816,1,4.96873874664,2.03139028549
148,72.682101736,732.43062374,-1430.06195291,-0.410146979,1,4.97044391632,2.02973279953
149,73.177082375,732.884551787,-1430.25932353,-0.39224498,1,4.97165603638,2.02846794128
150,73.672182583,733.342050725,-1430.44858245,-0.374707185,1,4.97322463989,2.02696704865
151,74.167320125,733.802833066,-1430.62980281,-0.357261366,1,4.97343435287,2.02693758011
152,74.662400394,734.266653007,-1430.80293725,-0.339601983,1,4.97300329208,2.0274271965
153,75.157337126,734.733322578,-1430.96780653,-0.321457661,1,4.97166528702,2.02891778946
154,75.652066197,735.202709587,-1431.12411613,-0.302632883,1,4.97028675079,2.03038539886
155,76.146546289,735.674718085,-1431.27148824,-0.283005306,1,4.96869668961,2.03197460175
156,76.640748966,736.149261659,-1431.40949071,-0.262490678,1,4.96721200943,2.03348608017
157,77.134648863,736.626243843,-1431.53765118,-0.241013502,1,4.96646461487,2.03409442902
158,77.628225718,737.105554632,-1431.65546153,-0.218519863,1,4.96537046432,2.03567428589
159,78.121480712,737.58707972,-1431.76239178,-0.195033525,1,4.96344509125,2.03766002655
160,78.614455094,738.070707886,-1431.85792993,-0.170709863,1,4.96084308624,2.04055089951
161,79.107230280,738.556320301,-1431.94164353,-0.145821208,1,4.95820198059,2.04280433655
162,79.599895682,739.043757002,-1432.01323026,-0.120640346,1,4.95819444656,2.04226636887
163,80.092494554,739.532775555,-1432.07251352,-0.095270367,1,4.95943641663,2.04100656509
164,80.584984001,740.023031665,-1432.11936222,-0.0695422,1,4.96117420197,2.03919887543
165,81.077247583,740.514105405,-1432.15356773,-0.043087732,1,4.96268234253,2.03824415207
166,81.569165540,741.005566797,-1432.1747568,-0.01557583,1,4.95984201431,2.0424779892
167,82.060699320,741.497040953,-1432.18241254,0.013045533,1,4.95505828857,2.04816350937
168,82.551925405,741.988225239,-1432.17600441,0.042494503,1,4.94889602661,2.05359601974
169,83.042983546,742.478840075,-1432.15514342,0.072355469,1,4.94720363617,2.05305490494
170,83.533968508,742.968540367,-1432.11964896,0.102403827,1,4.95314798355,2.0468585968
171,84.024841466,743.456841793,-1432.0694695,0.132822515,1,4.95799198151,2.04267930984
172,84.515425997,743.943105281,-1432.00450025,0.164156323,1,4.95771694183,2.04475469589
173,85.005490517,744.426581657,-1431.92441388,0.197044315,1,4.95283374786,2.05237073898
174,85.494853673,744.906475391,-1431.82861043,0.231933052,1,4.94489545822,2.05984172821
175,85.983434016,745.381973451,-1431.71630572,0.268979858,1,4.93967514038,2.06264152527
176,86.471215046,745.852215094,-1431.58667883,0.308186492,1,4.93881874084,2.06341972351
177,86.958171547,746.316228751,-1431.43896979,0.349597605,1,4.93827800751,2.0643073082
178,87.444232600,746.77288827,-1431.27248427,0.393364284,1,4.93785619736,2.06583452225
179,87.929309382,747.2209172,-1431.08655535,0.439649259,1,4.93553009033,2.07362518311
180,88.413345076,747.658921585,-1430.88053906,0.488522347,1,4.92807922363,2.0825969696
181,88.896332483,748.085412659,-1430.65386264,0.539955144,1,4.92013339996,2.08726158142
182,89.378300590,748.498812003,-1430.40608403,0.593850737,1,4.91703920364,2.08625030518
183,89.859315899,748.897473703,-1430.13692873,0.649993796,1,4.92080087662,2.08282327652
184,90.339515675,749.279754767,-1429.84632072,0.707952398,1,4.92273445129,2.09222517014
185,90.819125484,749.644111932,-1429.53444026,0.767097613,1,4.91701908112,2.10508508682
186,91.298401009,749.989155849,-1429.20179972,0.826832049,1,4.90410699844,2.10508794785
187,91.777504627,750.313609658,-1428.84928022,0.88689668,1,4.90654468536,2.0934586525
188,92.256414404,750.61619467,-1428.47807019,0.947489742,1,4.91815280914,2.08445663452
189,92.734970973,750.895539212,-1428.08950486,1.009029254,1,4.92276592255,2.08982686996
190,93.213067136,751.150212685,-1427.68488484,1.071659939,1,4.9203956604,2.10556325912
191,93.690851336,751.378912439,-1427.26539209,1.134848967,1,4.91100616455,2.11498537064
192,94.168773017,751.580724114,-1426.83217023,1.19742119,1,4.89461297989,2.10872478485
193,94.647407183,751.755310759,-1426.38651322,1.258070625,1,4.90474891663,2.09550170898
194,95.127179212,751.902914197,-1425.93001084,1.315976819,1,4.91439218521,2.08714618683
195,95.608197986,752.024164959,-1425.46452473,1.371064357,1,4.91937236786,2.08359203339
196,96.090305047,752.119818199,-1424.99200206,1.423773178,1,4.92082414627,2.08208284378
197,96.573265061,752.190568968,-1424.51425244,1.474597238,1,4.92177629471,2.08205013275
198,97.056938000,752.237026132,-1424.03281579,1.523741263,1,4.92159337997,2.0804394722
199,97.541336341,752.259811117,-1423.54895362,1.571050533,1,4.924335289,2.07715454102
200,98.026580145,752.259687765,-1423.06370983,1.616144478,1,4.92801885605,2.07274551392
201,98.512814419,752.237645496,-1422.57797543,1.658613888,1,4.9325548172,2.06833839417
202,99.000138130,752.194904901,-1422.09252962,1.698189183,1,4.93589601517,2.06481990814
203,99.488564285,752.132851061,-1421.60806142,1.734836663,1,4.94050426483,2.05956039429
204,99.978015859,752.052920866,-1421.12518048,1.76875942,1,4.94824295044,2.05180025101
205,100.468355159,751.956484553,-1420.64441789,1.800306655,1,4.95295362473,2.0473818779
206,100.959432819,751.844764031,-1420.16621731,1.829837952,1,4.95525808334,2.0454911232
207,101.451132119,751.718813157,-1419.69092311,1.857614518,1,4.9550280571,2.04594202042
208,101.943386189,751.579553577,-1419.21877818,1.883771773,1,4.95518054962,2.04525709152
209,102.436162749,751.427832158,-1418.74993988,1.908374809,1,4.96050424576,2.03952217102
210,102.929432929,751.264459489,-1418.28451015,1.931502146,1,4.96524047852,2.03484649658
211,103.423152209,751.090208811,-1417.82256271,1.953282637,1,4.96699495316,2.03329458237
212,103.917270639,750.905789845,-1417.3641495,1.97384822,1,4.96773929596,2.03273801804
213,104.411762779,750.711836426,-1416.90928188,1.993239252,1,4.96765022278,2.03263454437
214,104.906650059,750.508937668,-1416.4579001,2.011344068,1,4.96896572113,2.03111114502
215,105.401995299,750.297705139,-1416.00985131,2.027925155,1,4.97181396484,2.02818613052
216,105.897873109,750.078837785,-1415.56488852,2.042713919,1,4.97584543228,2.02416009903
217,106.394335379,749.853148459,-1415.12269047,2.055517953,1,4.97979230881,2.02020940781
218,106.891387299,749.621541119,-1414.6828966,2.066299603,1,4.98286552429,2.01713466644
219,107.388979309,749.384948828,-1414.24515022,2.075209474,1,4.9855266571,2.0144865036
220,107.887015719,749.144250937,-1413.80914013,2.08256465,1,4.98916368484,2.01092014313
221,108.385378329,748.900192913,-1413.3746278,2.088769092,1,4.99326343536,2.00679721832
222,108.883957829,748.653336305,-1412.94144961,2.094200495,1,4.99400110245,2.00620222092
223,109.382679909,748.404059324,-1412.50949511,2.099114235,1,4.99129495621,2.00887680054
224,109.881512949,748.152606915,-1412.07867486,2.103614483,1,4.99039411545,2.00960626602
225,110.380452849,747.899163978,-1411.64889852,2.107710879,1,4.99225959778,2.00776548386
226,110.879493079,747.643911319,-1411.22007777,2.111429138,1,4.9948800087,2.00515165329
227,111.378599569,747.387031864,-1410.79215228,2.114902276,1,4.99665813446,2.00334310532
228,111.877708799,747.128666297,-1410.36511919,2.118373863,1,4.99649753571,2.00357761383
229,112.376751109,746.868854645,-1409.93904275,2.122107535,1,4.99477996826,2.00533285141
230,112.875681369,746.60751267,-1409.51403477,2.126270694,1,4.9925658226,2.00754966736
231,113.374494719,746.344465242,-1409.09021782,2.130877065,1,4.99102296829,2.00905618668
232,113.873219099,746.079515622,-1408.66769243,2.135817826,1,4.99109230042,2.00892524719
233,114.371895019,745.812507592,-1408.24652217,2.140939153,1,4.99157733917,2.00842380524
234,114.870559919,745.543352068,-1407.82673414,2.14609993,1,4.99222784042,2.00778656006
235,115.369245809,745.272022293,-1407.40832315,2.151178781,1,4.99222755432,2.00783224106
236,115.867985319,744.998541571,-1406.99125074,2.156050771,1,4.99101934433,2.00904178619
237,116.366815449,744.722982069,-1406.57544012,2.160574685,1,4.99112815857,2.0088722229
238,116.865772419,744.44547376,-1406.16077496,2.164613309,1,4.99284763336,2.00716934204
239,117.364880289,744.166208608,-1405.74710887,2.168076058,1,4.99503087997,2.00498733521
240,117.864141679,743.885426374,-1405.33428533,2.1709534,1,4.99607391357,2.00392608643
241,118.363537239,743.603381691,-1404.92216069,2.173318537,1,4.99671487808,2.00328550339
242,118.863033869,743.320305788,-1404.51062099,2.175296926,1,4.99703807831,2.0029624939
243,119.362595359,743.036379395,-1404.09958878,2.177026497,1,4.99731254578,2.00268764496
244,119.862189169,742.751724096,-1403.68902168,2.178632095,1,4.99765949249,2.00234060287
245,120.361787949,742.466407124,-1403.27890808,2.180219635,1,4.99797964096,2.00202741623
246,120.861368709,742.180449755,-1402.86926272,2.18187856,1,4.99758338928,2.00242061615
247,121.360913199,741.893834019,-1402.46012202,2.183679845,1,4.99709472656,2.00291490555
248,121.860409789,741.606509325,-1402.05153744,2.185668402,1,4.99679117203,2.00322294235
249,122.359854479,741.318402641,-1401.64356742,2.187859133,1,4.99648313522,2.00353193283
250,122.859249359,741.029431717,-1401.23627016,2.190243318,1,4.99593524933,2.00408239365
251,123.358600089,740.739516181,-1400.82969897,2.192798579,1,4.99555215836,2.00445718765
252,123.857915989,740.448582988,-1400.42389823,2.195488106,1,4.99571905136,2.00428676605
253,124.357213709,740.156570068,-1400.01889616,2.198246262,1,4.99564971924,2.00435628891
254,124.856519639,739.863436386,-1399.61469442,2.200969414,1,4.99523563385,2.00478897095
255,125.355864579,739.569180096,-1399.21126089,2.203537367,1,4.99485254288,2.00515680313
256,125.855269979,739.273853027,-1398.80853558,2.20586773,1,4.99509859085,2.00490312576
257,126.354733849,738.977553582,-1398.40645251,2.207970189,1,4.99691476822,2.0031460762
258,126.854228199,738.680391294,-1398.00496879,2.209955224,1,4.99887304306,2.00112943649
259,127.353712879,738.382438398,-1397.60408349,2.211979354,1,4.99874429703,2.00131635666
260,127.853158469,738.083698057,-1397.20383345,2.214156055,1,4.99649524689,2.00363912582
261,128.352563429,737.784111564,-1396.80426711,2.216489723,1,4.99431838989,2.00572500229
262,128.851954139,737.483602014,-1396.40541239,2.218877307,1,4.9940867424,2.00592060089
263,129.351367429,737.182127392,-1396.0072583,2.221176579,1,4.99613246918,2.00389585495
264,129.850828119,736.879709402,-1395.6097607,2.22329293,1,4.99774169922,2.00226268768
265,130.350337389,736.576421343,-1395.21286541,2.225223113,1,4.99784460068,2.00216665268
266,130.849879579,736.272347738,-1394.81653015,2.227028082,1,4.99739484787,2.00262117386
267,131.349439989,735.967548137,-1394.42072994,2.228763613,1,4.99686603546,2.00313940048
268,131.849018289,735.662051129,-1394.02544516,2.230429165,1,4.99664230347,2.00336008072
269,132.348627009,735.35587754,-1393.63064571,2.23197467,1,4.99685487747,2.00314512253
270,132.848278329,735.049067996,-1393.23628631,2.233352392,1,4.99763774872,2.00237197876
271,133.347971549,734.741689643,-1392.84231693,2.234565645,1,4.9985206604,2.00148506165
272,133.847691219,734.433817239,-1392.44869994,2.235675672,1,4.99923400879,2.00076589584
273,134.347416069,734.125504909,-1392.05542087,2.236766125,1,4.99899654388,2.00102424622
274,134.847131309,733.816769842,-1391.66248579,2.237894756,1,4.9976641655,2.0023560524
275,135.346835999,733.507598024,-1391.26990769,2.239064844,1,4.99729623795,2.00270376205
276,135.846541519,733.197966548,-1390.87769097,2.240231251,1,4.99774990082,2.00225028992
277,136.346263089,732.887867838,-1390.48582308,2.241334073,1,4.99812307358,2.00187749863
278,136.846009839,732.577321516,-1390.09427769,2.242337629,1,4.99889793396,2.00110311508
279,137.345779929,732.266367889,-1389.70302588,2.243249385,1,4.9986205101,2.00138206482
280,137.845564159,731.955048854,-1389.31204667,2.244105654,1,4.99854850769,2.00145263672
281,138.345355309,731.643390835,-1388.92132878,2.244934665,1,4.9990986824,2.00090208054
282,138.845155689,731.331403254,-1388.53086218,2.245726726,1,4.99874343872,2.00126752853
283,139.344976189,731.019093926,-1388.1406271,2.246438275,1,4.99804086685,2.00196113586
284,139.844826209,730.706488541,-1387.75059131,2.247031945,1,4.99819507599,2.00181427002
285,140.344700669,730.393636363,-1387.36072211,2.247528063,1,4.99946680069,2.00055150986
286,140.844572709,730.08059232,-1386.97101006,2.248033317,1,5.00053539276,1.99946718216
287,141.344397719,729.767380884,-1386.58149288,2.248724298,1,5.00042381287,1.99958906174
288,141.844127639,729.453960011,-1386.19226627,2.249790432,1,4.9990606308,2.00101003647
289,142.343727499,729.140206028,-1385.80347525,2.25136823,1,4.99715261459,2.00290708542
290,142.843184299,728.825929018,-1385.41529094,2.253506409,1,4.99567422867,2.00438146591
291,143.342503819,728.510909337,-1385.02788601,2.256179488,1,4.99503059387,2.00497817993
292,143.841699149,728.194933818,-1384.64142068,2.259333283,1,4.99491577148,2.00508832932
293,144.340779399,727.877814171,-1384.25604266,2.262929613,1,4.99504089355,2.005007267
294,144.839743859,727.55938452,-1383.87189673,2.266968305,1,4.99362678528,2.0064696312
295,145.338582909,727.23948645,-1383.4891362,2.271483602,1,4.99237222672,2.0076839447
296,145.837283849,726.917952414,-1383.10792958,2.276520852,1,4.99179439545,2.00825109482
297,146.335840279,726.594595962,-1382.72845742,2.282100194,1,4.99139766693,2.00865936279
298,146.834262219,726.269215141,-1382.35089715,2.288178383,1,4.99056806564,2.00953416824
299,147.332582069,725.941612581,-1381.9753985,2.294628674,1,4.98917856216,2.01099214554
300,147.830850569,725.611628783,-1381.60205926,2.301259125,1,4.98732662201,2.01280317307
301,148.329121299,725.279175365,-1381.23091449,2.307872704,1,4.98763694763,2.0123632431
302,148.827429429,724.9442495,-1380.86194883,2.314345076,1,4.98989601135,2.01011199951
303,149.325776349,724.606916327,-1380.49513009,2.320677886,1,4.99127187729,2.00875692368
304,149.824129689,724.267262565,-1380.13045027,2.326994746,1,4.99123840332,2.00881481171
305,150.322438629,723.925342431,-1379.76795556,2.333483082,1,4.99037532806,2.00975208282
306,150.820653609,723.581142435,-1379.40775488,2.340322235,1,4.98873643875,2.01142120361
307,151.318736829,723.234578712,-1379.05001127,2.347646773,1,4.98723134995,2.01285972595
308,151.816656829,722.885518431,-1378.69493206,2.355567606,1,4.98777551651,2.01225013733
309,152.314371569,722.533801658,-1378.34277404,2.364233031,1,4.98736906052,2.01286439896
310,152.811812539,722.179241662,-1377.99386899,2.373883015,1,4.98542146683,2.01487140656
311,153.308882709,721.821598095,-1377.64865916,2.384850247,1,4.98379011154,2.01652040482
312,153.805472879,721.46053911,-1377.30772192,2.397494628,1,4.98179502487,2.01885156631
313,154.301488669,721.095620725,-1376.9717662,2.412105813,1,4.9780880928,2.02291078568
314,154.796872419,720.726303961,-1376.6415993,2.428833475,1,4.97377243042,2.0275677681
315,155.291607979,720.352006593,-1376.31807997,2.447683307,1,4.96908941269,2.03231067657
316,155.785709039,719.972165572,-1376.00207893,2.468567125,1,4.9653512001,2.03559799194
317,156.279202069,719.586283994,-1375.69445777,2.491361626,1,4.9645658493,2.03596143723
318,156.772116829,719.193951467,-1375.39606181,2.515936232,1,4.96345214844,2.03842115402
319,157.264488609,718.7948453,-1375.10771438,2.54214475,1,4.95887651443,2.04328527451
320,157.756363759,718.38872995,-1374.83020496,2.569813333,1,4.95523529053,2.04643249512
321,158.247792679,717.975467974,-1374.56427841,2.598771159,1,4.95318698883,2.04804887772
322,158.738803189,717.555037953,-1374.31064499,2.628935577,1,4.95200862885,2.04929552078
323,159.229369989,717.127536312,-1374.07002469,2.660392041,1,4.95227041245,2.04881515503
324,159.719413359,716.69314233,-1373.84321116,2.693371384,1,4.95177965164,2.05063209534
325,160.208846289,716.25205589,-1373.63110894,2.728088017,1,4.94849510193,2.05436239243
326,160.697648519,715.80445079,-1373.43469792,2.764530336,1,4.94486875534,2.0596780777
327,161.185913689,715.350486111,-1373.2549232,2.802365989,1,4.93921022415,2.06559371948
328,161.673828359,714.890376594,-1373.09256573,2.841049882,1,4.93384923935,2.06763772964
329,162.161593229,714.424475314,-1372.94816845,2.880058595,1,4.93664016724,2.06377506256
330,162.649343409,713.953311338,-1372.82205442,2.919079142,1,4.94174852371,2.05896682739
331,163.137121749,713.477558771,-1372.71441059,2.958035115,1,4.94375305176,2.05898370743
332,163.624915149,712.997960015,-1372.6253744,2.996965771,1,4.94048204422,2.0634308815
333,164.112717529,712.515250415,-1372.55507075,3.035866546,1,4.93633832932,2.06622743607
334,164.600569069,712.030122942,-1372.50358814,3.074607148,1,4.93615913391,2.06462974548
335,165.088545039,711.543241353,-1372.47092526,3.112980218,1,4.94025306702,2.06033153534
336,165.576707379,711.055278825,-1372.45695966,-3.132348677,1,4.94264974594,2.05938386917
337,166.065060559,710.566946507,-1372.46147392,-3.094989781,1,4.94194669724,2.05997886658
338,166.553547999,710.078989424,-1372.4842306,-3.057950018,1,4.94173936844,2.05962810516
339,167.042093169,709.592152214,-1372.52504617,-3.021022797,1,4.94335289001,2.05773696899
340,167.530658509,709.107133737,-1372.58380981,-2.984141622,1,4.94367856979,2.05830097198
341,168.019284909,708.624551557,-1372.66042705,-2.947473935,1,4.94251260757,2.06046743393
342,168.508083979,708.144933085,-1372.75471731,-2.911365907,1,4.94004478455,2.06166667938
343,168.997178589,707.668743392,-1372.86632787,-2.876146227,1,4.94011278152,2.06012678146
344,169.486619689,707.196444739,-1372.99472788,-2.841893918,1,4.94592895508,2.05413198471
345,169.976331859,706.728561251,-1373.13930678,-2.808323686,1,4.95158967972,2.04876489639
346,170.466131999,706.265710893,-1373.29953699,-2.774886798,1,4.95396175385,2.04770116806
347,170.955819259,705.808581223,-1373.47511057,-2.741047092,1,4.95077791214,2.05372314453
348,171.445282429,705.357859842,-1373.66596243,-2.706564226,1,4.94458475113,2.05883111954
349,171.934552749,704.914161108,-1373.87215865,-2.671594769,1,4.94067611694,2.06112527847
350,172.423764499,704.477994961,-1374.09371501,-2.636536912,1,4.94151554108,2.05902767181
351,172.913050489,704.049797549,-1374.33045909,-2.60172643,1,4.94555168152,2.05485668182
352,173.402446999,703.630004253,-1374.58201929,-2.567200375,1,4.94856300354,2.05236463547
353,173.891874299,703.21911895,-1374.84793723,-2.532690413,1,4.94879560471,2.05284786224
354,174.381201609,702.817735313,-1375.12781647,-2.497836726,1,4.94774436951,2.05492725372
355,174.870345309,702.426495153,-1375.42140239,-2.462458692,1,4.94468050003,2.0576874733
356,175.359329969,702.046007884,-1375.72854313,-2.426687954,1,4.94212121964,2.06051769257
357,175.848273549,701.676779343,-1376.04906787,-2.390882254,1,4.94067382812,2.06085863113
358,176.337316149,701.319189213,-1376.38267238,-2.355410348,1,4.94122276306,2.05904397964
359,176.826551129,700.97351922,-1376.72888491,-2.320486666,1,4.94671278,2.05362501144
360,177.316006769,700.639998197,-1377.08711745,-2.286163337,1,4.94910488129,2.05185728073
361,177.805677899,700.318825593,-1377.45674697,-2.252434994,1,4.94906148911,2.0534368515
362,178.295565839,700.010163681,-1377.83716518,-2.219328866,1,4.94486036301,2.05732736588
363,178.785688119,699.71412123,-1378.22777844,-2.186900304,1,4.94425821304,2.0558262825
364,179.276055619,699.430757531,-1378.62798501,-2.155160966,1,4.9508893013,2.04921598434
365,179.766647389,699.160112986,-1379.03716934,-2.124028571,1,4.95504245758,2.04554052353
366,180.257414639,698.902244212,-1379.45472914,-2.093362812,1,4.95521411896,2.04693393707
367,180.748316489,698.657232277,-1379.88011577,-2.063071449,1,4.95115003586,2.05116901398
368,181.239356379,698.425151073,-1380.3128495,-2.033195788,1,4.94849367142,2.05221538544
369,181.730581439,698.206017111,-1380.7524884,-2.003883715,1,4.952023983,2.04819955826
370,182.222039139,697.99976453,-1381.19857197,-1.975254659,1,4.95531692505,2.04488229752
371,182.713728699,697.806274435,-1381.65058989,-1.947274496,1,4.95735464096,2.0432682991
372,183.205593759,697.625441436,-1382.10800728,-1.919762735,1,4.95828237534,2.04227905273
373,183.697563949,697.457223698,-1382.57032476,-1.892529182,1,4.95846271515,2.04303417206
374,184.189605309,697.301634819,-1383.03711894,-1.865509829,1,4.95561704636,2.04580192566
375,184.681731969,697.158688895,-1383.50802776,-1.838771267,1,4.95535144806,2.04496555328
376,185.173967559,697.02835515,-1383.982695,-1.812375367,1,4.95687036514,2.04364929199
377,185.666290269,696.910573779,-1384.46072136,-1.786222573,1,4.95992364883,2.04021749496
378,186.158609759,696.805333674,-1384.94166106,-1.760011825,1,4.96202259064,2.03861608505
379,186.650797799,696.712758787,-1385.42506458,-1.733358333,1,4.96177749634,2.03977041245
380,187.142751589,696.633137561,-1385.91053238,-1.70598489,1,4.95747280121,2.04505710602
381,187.634443969,696.56686866,-1386.39773853,-1.677849827,1,4.95287714005,2.04898042679
382,188.125926929,696.51435413,-1386.88640787,-1.649130238,1,4.95155563354,2.04903497696
383,188.617291309,696.475902989,-1387.37626546,-1.620092038,1,4.95354747772,2.04696311951
384,189.108618069,696.451692495,-1387.86699537,-1.590957285,1,4.95535879135,2.04513750076
385,189.599958919,696.441787264,-1388.35823637,-1.561867897,1,4.95604686737,2.04529972076
386,190.091357689,696.446174625,-1388.84961555,-1.532962316,1,4.95382452011,2.04803953171
387,190.582890079,696.46476683,-1389.34079619,-1.504491256,1,4.95134248734,2.04935188293
388,191.074683079,696.497351312,-1389.83150853,-1.476860305,1,4.95461215973,2.04556341171
389,191.566889389,696.543519247,-1390.32154483,-1.450534941,1,4.95686397552,2.04361124039
390,192.059628779,696.602634034,-1390.81072532,-1.425857062,1,4.95840339661,2.04183826447
391,192.552937989,696.673883834,-1391.29886202,-1.402906477,1,4.9636264801,2.0364616394
392,193.046765649,696.756403543,-1391.78574626,-1.381507864,1,4.96961555481,2.03043260574
393,193.541011939,696.849400981,-1392.2711645,-1.361363767,1,4.97063302994,2.02998714447
394,194.035580209,696.952224145,-1392.75492598,-1.342204523,1,4.96950950623,2.03105010986
395,194.530405809,697.064354685,-1393.23687942,-1.323856142,1,4.9680642128,2.03231124878
396,195.025450629,697.185362506,-1393.716907,-1.306208054,1,4.96953468323,2.03046674728
397,195.520679969,697.314870869,-1394.19490249,-1.289142918,1,4.9746881485,2.02532100677
398,196.016050219,697.452556199,-1394.67075376,-1.272514657,1,4.97730512619,2.02300319672
399,196.511523649,697.598165035,-1395.14434851,-1.256211694,1,4.9753578186,2.02554016113
400,197.007098909,697.751506681,-1395.61560341,-1.240255312,1,4.97228050232,2.02824792862
401,197.502825679,697.912397185,-1396.08449494,-1.224832924,1,4.97148180008,2.02864933014
402,197.998781769,698.080577459,-1396.55106524,-1.210207643,1,4.97394294739,2.02607145309
403,198.495023089,698.255663864,-1397.01539293,-1.196551118,1,4.97946043015,2.02059049606
404,198.991543339,698.437176813,-1397.47754594,-1.183820863,1,4.98286437988,2.017166996
405,199.488274889,698.624637966,-1397.93754654,-1.171777174,1,4.98267202377,2.0176153183
406,199.985130869,698.817673834,-1398.39537076,-1.160131017,1,4.98161563873,2.01861600876
407,200.482057009,699.016056396,-1398.85098019,-1.148716632,1,4.98068304062,2.01951789856
408,200.979056079,699.219656296,-1399.30436209,-1.1375647,1,4.98074951172,2.01930837631
409,201.476169509,699.428347524,-1399.75554911,-1.126828713,1,4.98139696121,2.01865377426
410,201.973433699,699.641935329,-1400.20460582,-1.11663037,1,4.98233413696,2.01766614914
411,202.470846019,699.860156565,-1400.65159408,-1.106947954,1,4.98609380722,2.01390972137
412,202.968365629,700.082743436,-1401.09654448,-1.097630563,1,4.98758487701,2.01249446869
413,203.465946929,700.30949447,-1401.53945656,-1.088522574,1,4.98668518066,2.01356019974
414,203.963580089,700.540294135,-1401.98033101,-1.079605366,1,4.9848236084,2.0154510498
415,204.461309969,700.775061561,-1402.41921515,-1.071056264,1,4.98254776001,2.01750659943
416,204.959220179,701.013658844,-1402.8562345,-1.063184203,1,4.98465967178,2.01536540985
417,205.457392779,701.255816487,-1403.29159139,-1.056284228,1,4.98895111084,2.01118803024
418,205.955869789,701.501122094,-1403.72553204,-1.050503928,1,4.99263105392,2.00738019943
419,206.454640699,701.749078004,-1404.15830252,-1.045803724,1,4.99395847321,2.00604410172
420,206.953662359,701.999190957,-1404.59011976,-1.042031303,1,4.99418258667,2.00582094193
421,207.452896719,702.251038418,-1405.02117404,-1.039059753,1,4.99496707916,2.00503292084
422,207.952341729,702.504272476,-1405.45165962,-1.036901878,1,4.99574317932,2.00426082611
423,208.452036759,702.758562107,-1405.88181297,-1.035730279,1,4.99705381393,2.00297851563
424,208.952040439,703.013512914,-1406.31193362,-1.035793528,1,4.99861831665,2.00144300461
425,209.452397309,703.268616583,-1406.74237422,-1.037286911,1,5.00122423172,1.99899301529
426,209.953116819,703.523261583,-1407.17350756,-1.040268847,1,5.0058180809,1.99461870193
427,210.454180179,703.776793819,-1407.60569489,-1.044685238,1,5.00988740921,1.99035959244
428,210.955569379,704.028578518,-1408.03927949,-1.050487148,1,5.01136360168,1.98867530823
429,211.457295759,704.278010998,-1408.47461016,-1.057754394,1,5.01031312943,1.98969955444
430,211.959404449,704.524460909,-1408.9120751,-1.066725366,1,5.01063537598,1.9896071434
431,212.461949469,704.767187221,-1409.35211537,-1.077697064,1,5.01543588638,1.98570890427
432,212.964956699,705.005289822,-1409.79519936,-1.090856147,1,5.02363300323,1.97820911407
433,213.468402349,705.237743824,-1410.241767,-1.106160585,1,5.02953233719,1.97128772736
434,213.972224169,705.463504967,-1410.69217608,-1.123364863,1,5.03153076172,1.96881666183
435,214.476357679,705.681618968,-1411.14668336,-1.142180184,1,5.03155088425,1.96869535446
436,214.980769309,705.891258762,-1411.60546681,-1.162454322,1,5.03162727356,1.96886558533
437,215.485461489,706.091666069,-1412.06866343,-1.184233861,1,5.03376264572,1.96705236435
438,215.990449299,706.28204989,-1412.53638844,-1.207668914,1,5.03724889755,1.96403121948
439,216.495734079,706.461526762,-1413.00872387,-1.23285847,1,5.04340343475,1.95869646072
440,217.001298839,706.629142861,-1413.48569408,-1.259780777,1,5.04833860397,1.95301494598
441,217.507126009,706.783938934,-1413.96725332,-1.288363486,1,5.049655056,1.95093717575
442,218.013216509,706.924982776,-1414.45329265,-1.318617808,1,5.04830551147,1.95218162537
443,218.519591879,707.051330604,-1414.94365195,-1.350713589,1,5.04889669418,1.95242166519
444,219.026279619,707.161945789,-1415.43811807,-1.384933657,1,5.05531997681,1.94812994003
445,219.533294409,707.255639291,-1415.93640065,-1.421542565,1,5.06383104324,1.93953866959
446,220.040626359,707.331079668,-1416.43809223,-1.460656173,1,5.06874713898,1.93348388672
447,220.548239209,707.386875259,-1416.94262931,-1.502181423,1,5.0706120491,1.93099517822
448,221.056076939,707.42169316,-1417.44927206,-1.545839694,1,5.07294340134,1.92944898605
449,221.564075729,707.434369784,-1417.95711266,-1.591240832,1,5.07674312592,1.92605800629
450,222.072179309,707.423982581,-1418.46511005,-1.637970112,1,5.08070936203,1.92190771103
451,222.580352809,707.38987231,-1418.97213747,-1.685673298,1,5.08226947784,1.91949424744
452,223.088587549,707.331616172,-1419.47702237,-1.734131381,1,5.08134336472,1.92007570267
453,223.596891469,707.248960988,-1419.978561,-1.78329429,1,5.07978448868,1.92152166367
454,224.105271169,707.141742523,-1420.47550579,-1.833237588,1,5.07989406586,1.922605896
455,224.613720149,707.009831031,-1420.96654522,-1.884054552,1,5.08529272079,1.91860103607
456,225.122223179,706.853130773,-1421.45030173,-1.935758411,1,5.08992681503,1.91329307556
457,225.630770399,706.671623215,-1421.92535465,-1.988269849,1,5.09123020172,1.91087818146
458,226.139364539,706.465412572,-1422.39026881,-2.041488659,1,5.08871183395,1.91234693527
459,226.648012149,706.234739135,-1422.84360329,-2.095366505,1,5.08640527725,1.91554937363
460,227.156706839,705.979963964,-1423.28389854,-2.149894579,1,5.08976631165,1.91361684799
461,227.665422379,705.7015595,-1423.7096713,-2.205006241,1,5.09373855591,1.91000862122
462,228.174124309,705.40013262,-1424.11945111,-2.260490825,1,5.09745855331,1.90566482544
463,228.682791139,705.076467132,-1424.51185728,-2.31602098,1,5.09672107697,1.90459136963
464,229.191425459,704.731543414,-1424.88567074,-2.371293756,1,5.09161195755,1.9092663765
465,229.700044019,704.366506568,-1425.23984716,-2.426168712,1,5.08823852539,1.91333055496
466,230.208655579,703.982598815,-1425.57346455,-2.480675734,1,5.08807668686,1.91415557861
467,230.717247429,703.581101297,-1425.88565905,-2.534883606,1,5.09041547775,1.91299314499
468,231.225794019,703.1633156,-1426.1756155,-2.588755902,1,5.09386434555,1.90881996155
469,231.734280049,702.730574479,-1426.44262331,-2.642135753,1,5.09347801208,1.90784006119
470,232.242716079,702.284247571,-1426.68613816,-2.694877251,1,5.08798694611,1.91252822876
471,232.751133049,701.82572108,-1426.90577714,-2.747003285,1,5.08278474808,1.91815338135
472,233.259563949,701.356360812,-1427.10123279,-2.798752829,1,5.08164520264,1.92073421478
473,233.768030759,700.877484821,-1427.27216052,-2.850488811,1,5.08632040024,1.91758470535
474,234.276544679,700.390365284,-1427.418109,-2.90255146,1,5.09061374664,1.91224746704
475,234.785110659,699.896260151,-1427.53852277,-2.955158746,1,5.08975296021,1.9115439415
476,235.293726349,699.396458019,-1427.63279763,-3.00838684,1,5.0868563652,1.91455078125
477,235.802377229,698.892313166,-1427.70035269,-3.062195483,1,5.08719005585,1.91540060043
478,236.311038299,698.385254532,-1427.74069652,-3.116455029,1,5.09166889191,1.91243925095
479,236.819685539,697.876767998,-1427.75348136,3.112215109,1,5.09583063126,1.90712442398
480,237.328308839,697.368364154,-1427.7385414,3.057659078,1,5.09378833771,1.90722637177
481,237.836916299,696.861547178,-1427.69590227,3.003216382,1,5.08901691437,1.91208219528
482,238.345527179,696.357797969,-1427.62574698,2.948903881,1,5.08779354095,1.91426715851
483,238.854158839,695.858579619,-1427.52834473,2.894595393,1,5.08906440735,1.91369953156
484,239.362814669,695.365361007,-1427.40398171,2.840119249,1,5.09158697128,1.91132011414
485,239.871479829,694.879636632,-1427.25294504,2.785406009,1,5.09330186844,1.9093837738
486,240.380127359,694.402915197,-1427.07557824,2.730579866,1,5.09324092865,1.90870399475
487,240.888731259,693.936669541,-1426.87237167,2.675925721,1,5.09302301407,1.90889253616
488,241.397277779,693.482271884,-1426.64402471,2.621759477,1,5.09179124832,1.90975646973
489,241.905768779,693.0409515,-1426.39143925,2.568291792,1,5.08829078674,1.91277418137
490,242.414217179,692.613796296,-1426.11565272,2.515561549,1,5.0867398262,1.9153635025
491,242.922638789,692.20179207,-1425.81775165,2.463458526,1,5.08617258072,1.91561279297
492,243.431044859,691.805873585,-1425.49880764,2.411805664,1,5.08528156281,1.91667480469
493,243.939439199,691.426958924,-1425.15985559,2.360448325,1,5.0859790802,1.9158452034
494,244.447820979,691.065952806,-1424.8019078,2.309302451,1,5.08598775864,1.91595811844
495,244.956189259,690.723727429,-1424.42598215,2.25834789,1,5.08615293503,1.91577920914
496,245.464542959,690.401102312,-1424.03312528,2.207598644,1,5.08498897552,1.91638431549
497,245.972874649,690.098834284,-1423.62442594,2.157097702,1,5.08271055222,1.91880636215
498,246.481163749,689.817606121,-1423.20102481,2.106952704,1,5.0843123436,1.9180685997
499,246.989376399,689.557993061,-1422.76412532,2.057381479,1,5.08419866562,1.91796073914
500,247.497472879,689.320402006,-1422.31500115,2.008719842,1,5.08420686722,1.9170375824
501,248.005416049,689.105003703,-1421.85499046,1.961371882,1,5.08081188202,1.91976985931
502,248.513174139,688.911689693,-1421.38547158,1.915729345,1,5.07580661774,1.92475500107
503,249.020716689,688.740072482,-1420.90782425,1.872112402,1,5.07140693665,1.92900753021
504,249.528007829,688.589520016,-1420.42338824,1.830767879,1,5.06800765991,1.9327126503
505,250.035001719,688.459195685,-1419.93343071,1.791915838,1,5.06563587189,1.9349199295
506,250.541642699,688.348078164,-1419.43912516,1.75579758,1,5.06146183014,1.93870105743
507,251.047870449,688.2549587,-1418.94153567,1.722677688,1,5.0556479454,1.94439229965
508,251.553629009,688.178438391,-1418.44159931,1.69279022,1,5.04917926788,1.95082130432
509,252.058876109,688.116954102,-1417.94010723,1.666265512,1,5.04306583405,1.95695476532
510,252.563587759,688.068842853,-1417.43769389,1.643091889,1,5.03743467331,1.96256875992
511,253.067755189,688.032425529,-1416.93484344,1.623140104,1,5.03148174286,1.96852264404
512,253.571376629,688.006076117,-1416.43191177,1.606229825,1,5.02654542923,1.97345485687
513,254.074450819,687.988254168,-1415.92915336,1.592189137,1,5.022747612,1.97725667953
514,254.576977029,687.97750454,-1415.42674214,1.580871105,1,5.01894245148,1.98107786179
515,255.078961649,687.972447242,-1414.92478299,1.572127472,1,5.01444311142,1.98569316864
516,255.580427079,687.971779719,-1414.42331801,1.565765355,1,5.00927257538,1.99089794159
517,256.081418409,687.974300181,-1413.92233302,1.561514802,1,5.0050535202,1.9950466156
518,256.582004839,687.97894632,-1413.42176815,1.559022852,1,5.00257787704,1.99743156433
519,257.082274909,687.984836101,-1412.92153275,1.557875766,1,5.00118265152,1.99884576797
520,257.582326749,687.991296872,-1412.42152265,1.557640355,1,4.99919376373,2.0008357048
521,258.082255939,687.997873736,-1411.92163672,1.557910971,1,4.99813804626,2.00187177658
522,258.582143649,688.004314789,-1411.42179051,1.558352641,1,4.99812898636,2.00187339783
523,259.082046459,688.010535262,-1410.92192641,1.558735744,1,4.99896869659,2.00104570389
524,259.581990759,688.016564736,-1410.42201846,1.558954163,1,5.00014257431,1.99986763
525,260.081975319,688.022485496,-1409.92206897,1.559012705,1,5.00078554153,1.99922027588
526,260.581983519,688.028377267,-1409.42209548,1.55897746,1,5.00075216293,1.99925384521
527,261.082000529,688.034286764,-1408.92211339,1.558907346,1,5.00012254715,1.99988479614
528,261.582025549,688.040231412,-1408.42212371,1.558805199,1,4.99953393936,2.00046758652
529,262.082071159,688.046227379,-1407.92211405,1.558620212,1,4.99938058853,2.00062141418
530,262.582150139,688.052316248,-1407.42207214,1.558300861,1,5.00007247925,1.99994792938
531,263.082258549,688.058565173,-1406.92200277,1.557862456,1,5.00132761002,1.99868822098
532,263.582367219,688.065033333,-1406.42193593,1.557421581,1,5.0019826889,1.99801979065
533,264.082428279,688.071721323,-1405.92191959,1.557169716,1,5.00182085037,1.99818181992
534,264.582394209,688.078533953,-1405.42200009,1.557296941,1,5.00058021545,1.99946775436
535,265.082238499,688.085281339,-1404.92220133,1.557908523,1,4.99864025116,2.00143671036
536,265.581966599,688.091721559,-1404.42251474,1.558981874,1,4.99710254669,2.00292224884
537,266.081610919,688.097624446,-1403.92290528,1.560387136,1,4.99660301208,2.00339689255
538,266.581213189,688.102824807,-1403.42333008,1.561958605,1,4.99689750671,2.00310249329
539,267.080803239,688.107239987,-1402.92375954,1.563578581,1,4.99754343033,2.00245656967
540,267.580385009,688.11084581,-1402.42419079,1.565231736,1,4.9979262352,2.00207424164
541,268.079936389,688.113625595,-1401.92464714,1.567004652,1,4.99777402878,2.00223169327
542,268.579422849,688.115519481,-1401.42516427,1.56903156,1,4.99756126404,2.00245742798
543,269.078818299,688.116400797,-1400.9257696,1.571412438,1,4.99652271271,2.00352706909
544,269.578123049,688.11609317,-1400.42646494,1.574143407,1,4.99518146515,2.00488777161
545,270.077369839,688.114422154,-1399.92722095,1.577094906,1,4.9940530777,2.0059797287
546,270.576614359,688.111277644,-1399.42798633,1.580050224,1,4.99336910248,2.00663471222
547,271.075914699,688.106657236,-1398.92870737,1.582785632,1,4.99478912354,2.00523414612
548,271.575310589,688.10066997,-1398.42934737,1.585149571,1,4.99650411606,2.00350570679
549,272.074814119,688.09350072,-1397.92989529,1.587096711,1,4.9977183342,2.00228185654
550,272.574417059,688.085357361,-1397.43035873,1.58865851,1,4.99819412231,2.00180749893
551,273.074108839,688.076432249,-1396.93074665,1.5898733,1,4.99831771851,2.00168676376
552,273.573892129,688.066898475,-1396.43105431,1.590726678,1,4.99772500992,2.00228900909
553,274.073785059,688.056936093,-1395.93126066,1.591143297,1,4.99801101685,2.00200681686
554,274.573809919,688.046762804,-1395.4313393,1.591032156,1,4.99973602295,2.00031919479
555,275.073976409,688.036642211,-1394.93127522,1.590352438,1,5.00174732208,1.99832763672
556,275.574270519,688.026859027,-1394.43107677,1.589158463,1,5.00327224731,1.99675254822
557,276.074655359,688.017671409,-1393.93077628,1.587597138,1,5.00317153931,1.99682893753
558,276.575083669,688.009264203,-1393.43041859,1.585858694,1,5.00315103531,1.99685459137
559,277.075514339,688.001726818,-1392.93004469,1.584110117,1,5.00359554291,1.99642095566
560,277.575923009,687.995064679,-1392.42968037,1.582451183,1,5.00296373367,1.99706954956
561,278.076302509,687.98923296,-1391.92933486,1.580911643,1,5.00141611099,1.99858560562
562,278.576657299,687.984171799,-1391.42900567,1.579473532,1,5.00190553665,1.99809474945
563,279.076998609,687.979830289,-1390.92868319,1.578091004,1,5.00263328552,1.99739341736
564,279.577342639,687.976180473,-1390.42835248,1.576698128,1,5.00272703171,1.99727287292
565,280.077708899,687.973227428,-1389.92799493,1.57521526,1,5.00185842514,1.99814815521
566,280.578116129,687.971016169,-1389.42759259,1.5735656,1,5.00163631439,1.99836425781
567,281.078575929,687.969630261,-1388.92713471,1.571700726,1,5.00250749588,1.99753189087
568,281.579087959,687.969177599,-1388.42662288,1.569620816,1,5.00423774719,1.99581432343
569,282.079640999,687.969766004,-1387.92607018,1.567371041,1,5.00478954315,1.9952170372
570,282.580221489,687.971480632,-1387.42549263,1.565007151,1,5.0042339325,1.99576625824
571,283.080824989,687.974378697,-1386.92489751,1.562547958,1,5.00379219055,1.99620923996
572,283.581462519,687.978508094,-1386.42427702,1.55994858,1,5.00276651382,1.99723911285
573,284.082156739,687.983939391,-1385.92361226,1.557114762,1,5.0037733078,1.99628133774
574,284.582932059,687.990790568,-1385.4228838,1.55394391,1,5.00553712845,1.99456729889
575,285.083806949,687.999231121,-1384.92208004,1.550357157,1,5.00638484955,1.99366941452
576,285.584793969,688.009470166,-1384.42119766,1.546299706,1,5.00699319839,1.99305763245
577,286.085905199,688.021744471,-1383.92023678,1.541717762,1,5.00724010468,1.99276075363
578,286.587157139,688.036318104,-1383.41919674,1.536537155,1,5.00679483414,1.99326896667
579,287.088571239,688.053492775,-1382.91807687,1.530660345,1,5.00940561295,1.99083652496
580,287.590170329,688.073619542,-1382.41688174,1.523981515,1,5.01132249832,1.98883304596
581,288.091972829,688.097102752,-1381.91562902,1.516411082,1,5.01286182404,1.98725986481
582,288.593986679,688.124391441,-1381.4143574,1.50790194,1,5.01331481934,1.98678569794
583,289.096204309,688.15595729,-1380.91313276,1.498472531,1,5.01508350372,1.98524513245
584,289.598600299,688.192260807,-1380.41205014,1.488221048,1,5.01760082245,1.98271932602
585,290.101133829,688.23371051,-1379.91122894,1.477320362,1,5.0194070816,1.98084745407
586,290.603757989,688.280625397,-1379.41079909,1.465980944,1,5.0200088501,1.98010549545
587,291.106435649,688.333217326,-1378.91088018,1.454379312,1,5.01967458725,1.98037147522
588,291.609157269,688.391610569,-1378.41156138,1.442571269,1,5.01845731735,1.98159914017
589,292.111953049,688.455905064,-1377.91289334,1.430427272,1,5.01835298538,1.9818157196
590,292.614891359,688.526270432,-1377.41490172,1.417628533,1,5.01947937012,1.98081197739
591,293.118059619,688.603038612,-1376.91762419,1.403744522,1,5.02116422653,1.9791762352
592,293.621532309,688.686753998,-1376.42116021,1.388375304,1,5.02391014099,1.97680215836
593,294.125342369,688.778150662,-1375.92570968,1.371294259,1,5.0278429985,1.97304286957
594,294.629475529,688.878060428,-1375.4315758,1.35250362,1,5.03256101608,1.96878080368
595,295.133892839,688.987298635,-1374.93912902,1.33215863,1,5.03760261536,1.96342058182
596,295.638563089,689.10659216,-1374.44876067,1.310412892,1,5.03823823929,1.96192989349
597,296.143478559,689.236583192,-1373.96086524,1.287304646,1,5.03517827988,1.96494178772
598,296.648644149,689.377882887,-1373.47586351,1.262769537,1,5.0363032341,1.96488981247
599,297.154054579,689.531112659,-1372.9942409,1.236758269,1,5.04293899536,1.95976915359
600,297.659680409,689.696887421,-1372.51656297,1.209358433,1,5.05104751587,1.95128850937
601,298.165471649,689.875745113,-1372.04345124,1.18082815,1,5.05324058533,1.94713754654
602,298.671373769,690.068068347,-1371.57553167,1.151517778,1,5.04792671204,1.95211172104
603,299.177345809,690.274050371,-1371.11338547,1.121730608,1,5.04612846375,1.9546333313
604,299.683370229,690.493727756,-1370.6575318,1.091617607,1,5.04908304214,1.95246505737
605,300.189447089,690.727054767,-1370.20845242,1.061184574,1,5.05176525116,1.9491736412
606,300.695575369,690.973963565,-1369.76663585,1.030406395,1,5.05131082535,1.94933357239
607,301.201736249,691.234368356,-1369.33259877,0.999354668,1,5.05157985687,1.94927349091
608,301.707891759,691.508120141,-1368.90686017,0.96823913,1,5.05255994797,1.9483912468
609,302.213998739,691.794956869,-1368.48988419,0.937343618,1,5.05305194855,1.94762868881
610,302.720025789,692.094490027,-1368.08203218,0.906917372,1,5.05190839767,1.94847631454
611,303.225961029,692.406235469,-1367.68355352,0.877096891,1,5.04880180359,1.95136508942
612,303.731807869,692.729666856,-1367.29461501,0.847896476,1,5.04616060257,1.95419721603
613,304.237573839,693.064262416,-1366.91534593,0.81926082,1,5.04557247162,1.95520801544
614,304.743260289,693.409525635,-1366.54587051,0.791142809,1,5.0475019455,1.95343074799
